id,sequence,structure,base_pairs
srp_Kluy.lact._CR382126,ACCCUGUCGAAGGAGUGUGAUGCUUGGAUAUGUGGCUCCGGUUCGAAACCGCACAGUCACACCGGGUCUCUUUCAAAUGGAAGAGGUUUCACAAUGGUAUCCCAAACAGGCGUGAAAUGUCUCGUAGUGGUUAUAUGCCAUUACCCGCUUUUCGUGUCUGGCCGCCCGGUCUACGCGUUCAUUUAUUUGUGUAACUGCUUUGGACAGCUGGAUCUCGGUUCGGUUGUCACGUGGUCGACGUGUCCCACCGUUACAAAAUUGUUGCGGGUUAUCCUUUGUGGUGGCUCGGUCGCAUGAGAAGUCUGCGGUUCGAAGCCCAACUGGUAACGAUUUAGCAUUUCAACUAAUACUUGAAGCUAGUUUAGUGUUUAACGUUGUAGGGGAGUCUCAUCCAGCACAACGAACACUGCCCGUGACGAGGUGGUGUGGAUUGCACGUCCCGUGGUUAAGCAGUGCGUGUGGGUUCAGAGGCAGACAUACACUGUCCUUCAUUUUUUUU,.(((................................................................................................................................................................................................................................................................................................................................................................................(......).......................(((((..((.......)).))))).................................)))....(..((((.......))))..)...........,"[[468, 488], [471, 485], [472, 484], [473, 483], [474, 482], [2, 463], [3, 462], [4, 461], [404, 427], [405, 426], [406, 425], [407, 424], [408, 423], [411, 421], [412, 420], [373, 380]]"
grp1_a.I1.e.S.paniceum.UNK.SSU.1210,GGUCUGUGAUGCCCUUGAAUUCAUCUAGGGGUAUCCUAACAGUUUUAGGGCGGUGAUCCAACCGUCCCUGAGGCGACAUCUCCAAGUUCUGGGGAGUGGUGGUUGACCGUUCACACGGUCCGUCGCGACGACCCGGGGCCAGUUCUAGUGGACUGGUCCAGAGACUAAGCGGGGGUGGGCGAUUCCAGUUAAGAGGAACGCUUCAGAUAUAGUCCAACAACGAGCGCUCACGCGUUCGAUCUACGUGUAGAUGUUCUGGG,(............................................................(..((((((..((...........))..))))))..)......................................((((((..(....)..)))))).....................................................................................)................,"[[1, 244], [137, 158], [138, 157], [139, 156], [140, 155], [141, 154], [142, 153], [145, 150], [62, 98], [65, 95], [66, 94], [67, 93], [68, 92], [69, 91], [70, 90], [73, 87], [74, 86]]"
grp1_a.I1.e.D.parva.C1.SSU.1512,GGUUUCCGUAUAUACCAUUCACUUGCGGAUGAUAGGGGCAGUGAAAAGCUGCUAACCCCUAGUGAGCUCUCCCUACUCCUUUGUACAUAGAGCUCGCAACACCAUCAAAUUGCCGGGACAUCCUGUUCACAUGCUGCUGGUACCUCCAGGCACAGGGAAACCUUGCACUGGAACCAUGGUGAAAGCCGUGGGUAUGGUAAAAAUCUGGCAGCUAGGGACGAUCGGCAGCCAAGCGCUAAGGGAGUCUCAUUUUAACUGAUGAGGCUCUGAAGCGUGCAGUUCACAGACUAAAUGGUGGUGGGUUCCCUUGGGGAGCUUAAGAUAUAGUCGGUCCCCACCGCAAGGUGGGCUCAUGGGAGAAAAGCCUUGUAAGAAGGCUGGAGAGCCCAUGAGCAGCUUGAGCAGUUGUUCUCAAGCUGGGGUAAACGAGAGGUGA,(............................................................................................................................................................................((((((......))))))............................................................................................((.......)).......................................((((((....)))))).............................................................................).........,"[[1, 427], [334, 349], [335, 348], [336, 347], [337, 346], [338, 345], [339, 344], [284, 294], [285, 293], [174, 191], [175, 190], [176, 189], [177, 188], [178, 187], [179, 186]]"
tmRNA_Fibr.succ._TRW-59374_1-361,GGGGGUGCUCUGGUUUCGACAGGGUUACCGAAGUGUUAGUUGCAAGUCGAGGUCUCAGACGAGGGCAACUCGUUAAAAAGUCUGAAAAAAAAUAAGUGCUGACGAAAACUACGCACUCGCUGCCUAAUUAACGGCAACGCCGGGCCUCAUUCCGCUCCCAUCGGGAUGUACGUCCGGACGCAAUAUGGGAUAGGGAAGUGUCAUGCCUGGGGGCAUCUCCCGAGAUUUACUAGGCUGGUCAAACUCCGCGCCGACCUUCUUGGGCGUGGAUAAGACGAGAUCUUAAAUACGAAGGGAACACUUGUAGGAACGUACAUGGACGUGAUUUUGGACAGGGGUUCGACUCCCCUCACCUCCAGAA,((............................................................................................................................................................................................................................................................(.......)..................................................................((..((.((.......)).))..)).))....,"[[1, 357], [2, 356], [330, 354], [331, 353], [334, 350], [335, 349], [337, 347], [338, 346], [255, 263]]"
srp_Gald.sulp._GSP-130081,GCUGGCUGCUGUAACGGGUAGCUGUGGCCCAAGUGGGAGCGACGCGUAAUGAGGAGGAUGUGAUUCUGAGGUUCAAUUCUCAUUGGCUCUCGUGGAGAACGCGCCCUCCGUUGGCUGUUGCUCUGGUAAAGUAGACUCAGCGAAGGCUAAAUCUACUUUAUCAUUAGAUGUUCGAGAUCGCGUCAGGCCUGAUAAAGGAGCAACGUAAAACGAACUGCAGUGGUGAAACGUGGGACGACGCUGUUCGAGAGAGCUUGUGAGAUACGUUGGCCUUCGUACACAUUCAACUAUUACGUUUU,..............((..........................(.........)............................................................................................................................................................((........))........................................................................))....,"[[15, 295], [16, 294], [210, 221], [211, 220], [43, 53]]"
grp1_a.I1.e.S.paniceum.UNK.SSU.114,GAAUGGCUCGGAUUUGAUGGGCCAUUCAACUUAUAACAGGCUCCGAAGUGACCUGUAACAGUGCCAAAAUGCGGGAAUUAGCCACCUUGGUGGUGAAACCCGCAGCUGAUCACCGCGUCAGUUCAACGACUAGAUGGUACUGGCUGGUUCGUUCCAGUUAAGAUAUAGUCUCUCACCGGGGGUAAAUCCCAGUGCUUCACGGCAUUAAAU,(...............................................................................(((((....))))).................................................................................(....).....................).......,"[[1, 203], [176, 181], [81, 94], [82, 93], [83, 92], [84, 91], [85, 90]]"
telomerase_AF221940.103-499,CCAGCGGUAAUAGGAGAGUUCUAUCCUUCUAACCCUAAUGCACAGACCCCUCGCUGCUCUUCAUGCUCGUUGUUUUUCUCGCUGACUUUCAGCGGGCGAAAGAGCAAUGGAAGCUCAGGACUAAAAAACGUCAGCCGUAGGCUUUCCUAUAGCCGCAGGCCUGCCUGUCAGUGUGCGCGGCCUCUGCUCGCAAUGUCCGCAGCGCCUUCCUAUGAGGCCGCAGUCUGCCAAUACCCCGGGCAGCCGCGAAGAGCUCGUCUCUGUCAGCCUUUGGCGCUGCGGCGGAGUGGGGGAGGCCGCUGAUGGCAGCUGAGAAUAAAGCGAGCCCAGCUGCCCCGCUCUGUUCCACUGCCCCUGAGCUGUGGGGUUGGUGAAUUGCAGCAUGGCUCCGACAACU,...........((............................................................................................................................................................................................................................(....)................................................................................(((.......)))...............................................................)),"[[12, 397], [13, 396], [320, 332], [321, 331], [322, 330], [234, 239]]"
RNaseP_S.acidocaldarius,UAGGGGAGCCUAACAGGGGGUUACGGGAAUAUCCUGAGGAAACUCCAGCCUCCAAGCCUCAUGGGAGCAGUUAGAUCUGCAGGGUUAGUGCUCUGGCUACUGCACAGAAACGUAACCGGUAUAAUAGGAUAUGAAAAUGAGUUUAUAUGUAGUCUAGGUAACUAGGCUACAUAAAUGAGACCUAUUAUACCGGCUGAAACGGCAGUCCUCCCAGGAGCAAGUAAGGAGGGGAUGAGUUGAGGUUCAACCCUCCUAAGGACGCUUAGUAGAAUCCCCCUAAAUACAAAAGCUGGGUUAUUGUUAGGCUCCCCUUAU,..(.((((((((((................................................................................................((....))..............................((((.((((....)))).)))).................................................................................................................................))))))))))..)...,"[[3, 312], [5, 309], [6, 308], [7, 307], [8, 306], [9, 305], [10, 304], [11, 303], [12, 302], [13, 301], [14, 300], [149, 170], [150, 169], [151, 168], [152, 167], [154, 165], [155, 164], [156, 163], [157, 162], [111, 118], [112, 117]]"
tmRNA_Grac.tenu._AY673996_1-396,GGGACUGCAAGGUUUCUACAUAUAGUAUACAAUAUACAUUGUCAUUAAUAUAACUUUAUUACUAUUAGUAAAUGCUAAAAAUAAUAUAUUAACUUUAUCUAGAAGAUUAAUUUAUGCUUAAACUUUUUGAAAUAAAAGAUUAAGCAGUUACAGAUUGUUACUAGAACUCAAAUAAUAUAAGCCAUAUAGUUAUUUGAUAUAUUGAAUUUGGUUGCUCUUAAAUUAGUCUUAAUCAAAGAAUUAAUUUUAAGAUAAGUAAGAAAUCAUUACAACAUCAAAUCGUAUUUUUUAGAUUACAUCUAUAAUAUAUUACUUAUAAUAUAUUAUUUCUAAUGUAAUUAGACGAUAUAUAGUAUAUUAUUAUGGACGUGGGUUCAAUUCCCACCAGUUCCAUAC,(((((((...........................................................................................................................................................................................................(.....).......................................................................................................................................................(((.(.......).))))))))))....,"[[1, 392], [2, 391], [3, 390], [4, 389], [5, 388], [6, 387], [7, 386], [369, 385], [370, 384], [371, 383], [373, 381], [211, 217]]"
RNaseP_A.fulgidus,CGGCGGUGGGCGGCUGACCGAAAGGAGGAAAGUCCCCCCACCCGCUGUGGCGGAAGGCCCCUGAGAAGGGGCGGAGGAGGAACAGAAACGAGACCGGUGCGGGGAAAUGCGAUGAUUCCGCAAGGAUGAGGUCACCCGCUCCGGAUGAAACGGCCUCCUCCCCGCCGGGUGCAACGCGUAAGCGGCUCAGUCUAAUGCCGCCGGAACAGAAGGGGGCUUACUACCGCCA,....(((((.........................((..(..(.......)..)..))(((((....)))))......................(.......)........................................................................(((....)))....................................)))))....,"[[5, 225], [6, 224], [7, 223], [8, 222], [9, 221], [175, 184], [176, 183], [177, 182], [94, 102], [58, 71], [59, 70], [60, 69], [61, 68], [62, 67], [35, 57], [36, 56], [39, 53], [42, 50]]"
RNaseP_M.barkeri,CAUGCGAGAGAGGCUGGACGGCUGACGGGCCUUCGGGUCUGAGGAAAGUCUCCCCACCGCUCCGGAUACACGAACAUCUGUAAAGGAUGUCGGGCGAGAGCCCGGGCCCUGGCACAGAAACGAUAACCAUCCUCUGAAAAUGCGAUGAUGCGGAAGCUGAGAUCUCAGGGUAAAUGGAUGAAACGGCGAACCCUCGUGGGUGCAAGUUGGAAAUCGGGGAGAAGAGAAUUCCGGACUCUCCCGGUUGUUUUUGGAAACGCAUAGCCGAAUGCCGUCACUGCAAGAGUCCUCAGGACCAUUUCCUCCACUGAUGGGUGAUAGGAAAUCUUUGCAGGAACAGAAGGGAGCUUACGUGCCUCACUCGCAUAAAC,.((((((..((((.((...........................................................................(.((....)).)......................................................................................((((....))))......................................................................................................................................................))..))))..))))))....,"[[2, 367], [3, 366], [4, 365], [5, 364], [6, 363], [7, 362], [10, 359], [11, 358], [12, 357], [13, 356], [15, 353], [16, 352], [190, 201], [191, 200], [192, 199], [193, 198], [92, 103], [94, 101], [95, 100]]"
tmRNA_Myco.Bxz1._AY129337_1-437,GGGCCUGACAAGGUUUCGACUGGUCGAUGGACAACUGAACAGCGGGCGAGUGUUGGCCGCACUUCUACUCUGAGUGAACGCGGCAACUGAUAAACGCAACCGACACGGAUGCAACGGUGACCGACGCCGAGAUCGAGGCCUUCUUUGCUGAAGAGGCUGCCGCUCUCGUCUGAAGGAACCAGCCUGGCUCAGCGUGCUGCUGUGCAGCGGCCAGGCUUCAUCUCUAACAGCAGCGAACGGACAUGAGGGAGCGCAAACCCUCGUCCCAAACAUCAUGAAUGCGUCGCACGGGCUCCAGCGUCAGGGGCCAGAGGUGGGAAACGGUGUGAAACUCCUGUCCUGGGGAUCACCGACCGAUACGCCAAACCAGGACUACGCCCGUAGAACGCAGUGAGAAAGACACCAGGACAGGGGUUCGAGUCCCCUCAGGUCCACGU,((((((...................................................................................................((.......)).........................................................................................................................(........)..................................................................................................................................................................((.((.......)).)).))))))....,"[[1, 433], [2, 432], [3, 431], [4, 430], [5, 429], [6, 428], [410, 426], [411, 425], [413, 423], [414, 422], [238, 247], [106, 116], [107, 115]]"
16s_C.reinhardtii.mito_domain4,GAAUCGCGAGUAAUCGUAGAUCAUUAGCGCUACGGUGAAGGUAACCUCUAUUGUGCACACAUUGCCCGUCACCUCCGAUAAUAGUAUUGUACAGGAAGAACUAUGGCUACACUUA,(...............................(......)...................................................((..........))....).....,"[[1, 110], [92, 105], [93, 104], [33, 40]]"
16s_C.reinhardtii.mito_domain2,CCCCCAAGCACGUGCCAGAAGGGUCGGUAAAACGUGCGGUGUCAGUAUAAAGCGUCUUGACUAGGCAGGCAGCGCGUCUGAGCGUUAAUGGUGAACACUUUAAACGUUGGGUAAUAUUCGGAGGAUCGGUCAAAUGAGAAUAUUCCGGAUGGAAAGCCGAAGGCGAAAGCACCAACAUCAGAGUCACUAAAGCUUCAACGCGUAAGUUUGGGUAGCGAACCGGAUUAGAGACCCGCAGUAGUCCAAACCGUCAACA,..........(..............................................................((......))................................................................................(....)................................................................................)......,"[[11, 250], [164, 169], [74, 83], [75, 82]]"
RNaseP_S.globosus,UUAGAGCAGUAGCAACUCCUACGAUUUUAACCUGCUUACGAACUAUUAGUCUGAUCUAAUAAUACAUGCAGGUGGGAAAUUCGGUGAAACACAACAAAUGAGGUUUCAGUUAUUUGGGCUCGUGAGAGCAGCCUGGGGAACCUGGUUAUAAUAGCGGCGCUAUCAGAAAUUCAACGCUAUCAAAUUUUGAUGGUGAUGGGAACGGCGCUAGCAACAAACAUAUUUUAUGUACCUCACGUGUUUGACUUAAUCAUUUACUGGUUAAAGUCUGUUCAGUGCAAUCGUAGGACUUCUAAGCAAUUAGUUGCACCCGAUACCGAUCAAUGGUACUGUUCUAAU,.....(((((............................................................................................................(((....))).............................................................................(....).....................................................................................................................)))))......,"[[6, 333], [7, 332], [8, 331], [9, 330], [10, 329], [206, 211], [119, 128], [120, 127], [121, 126]]"
16s_H.sapiens.mito_domain4,ACCGCCCGUCACCCUCCUCAAGUAUACUUCAAAGGACAUUUAACUAAAACCCCUACGCAUUUAUAUAGAGGAGACAAGUCGUAACAUGGUAAGUGUACUGGAAAGUGCACUUGGACGAAC,((.....(.......)..........(......)......................................................................))..............,"[[1, 106], [2, 105], [27, 34], [8, 16]]"
tmRNA_Baci.G._TRW-12333_1-312,GGGAUUGUUAAGGAUUCGACAGGGGAAAAUAGUAUAAGACAUGAUACUCGUAAAGCAUACGUUACAUGCUAAGUUAAAUAUAACUAACAACGAAUUACAAGUAGCCUAGUUAAUAGGUGCCAAAACAAUAGAGUUGCUCUAACAUCUAUUUGAGGUUCAAAGAUUUGAGCUAUUUCUUACUUUAGAAUAAAGUAAGUGGUGGAGCCUAGAGAAAACGCUGUAGAAACUAACUAUUCAAAUUGUAAAUGGUAUCAAACAAGUGUCUAUAUGAAAGUCUUCUGGACGCGGGUUCGACUCCCGCCAGUUCCAUAU,((.....................................................................................................(((((.....)))))......................................................................................................................................................................(((.(.......).))).....))....,"[[1, 308], [2, 307], [285, 301], [286, 300], [287, 299], [289, 297], [104, 118], [105, 117], [106, 116], [107, 115], [108, 114]]"
RNaseP_H.chlorum-partial,GAAUUCAACGUAUAAACGAGACACAUGCAUAUAUUUUGUUAUGUGUAGACAGAUGGUUACCACCAACGAUCCAGUGUAACUAGUGCACGUGAUGAGUACAAUGGAACAGAACCCGGCUUA,(.....................................................(((....))).((......))...............................).............,"[[1, 107], [66, 75], [67, 74], [55, 64], [56, 63], [57, 62]]"
grp1_a.I1.e.S.paniceum.UNK.SSU.1052,UUAUGUGGGUGGUGGUAGAACUACAUGUGCCACCUACAGCUUAUAUUGCUAGUCUAUCGUAACUGAUGGGCAACAUCCUCAAGGUGCUGGAAGUUACCUGCAAAGGUAAUAUCAGCAGCCACAUCUCCAUGUGGUUCACAGACUAAAUGAGGGUGGACCAAAUCCGCCAGGGUAUAGGUUUCAGAUAUAGUCGGCCUGAUGCGAACAACGUGUACAGACUGCAGCGGCAUGGCCGUUCUU,.......(.............................................................................(((((..(..((((....))))..).)))))...............................................((....))...............................................)....(((.(...).)))....,"[[224, 236], [225, 235], [226, 234], [228, 232], [8, 219], [164, 171], [165, 170], [86, 116], [87, 115], [88, 114], [89, 113], [90, 112], [93, 110], [96, 107], [97, 106], [98, 105], [99, 104]]"
tmRNA_Myco.gall._AE015450_1-408,GGGGAUGUCAAGGCUUCGACAUGAUUGAUAAACUUAUUAGUUCAGUAGGGUCUGCCCUUUAUAGCUCAAGGUAAUAAUAACCGACAAAACUUCUAAAGAACUAGCUGACGAAAACUUUGUUUUAAAUCAGUUAGCAUCAAACAACUACGCUUUAAACUUCUAAAUAAAUAAUAAAUAGCGUACUAGGUUUUUUAAAAACCUAGAUUUAUAGGAUAAAACUAGAUUUUGUAACUCGUUUUUAGUUUUACUAUUAAUACUGAUUAAUUAGUUUUUUGACCCAACGAUUACUACGAACCAAGAUGUUGAUACUUAUCACUUGGUUUGAGCUUCAUAAGUAUCUAAACUGUAAAUAAAACUAAUUUGCUGAGUCGAUUGUGGAAACGGGUUCGAUUCCCGUCAUCUCCACCA,((............................................((.(....).))....................................................................................................................................................................................................................................................................................................................................(.(.......).)..........)).,"[[1, 407], [2, 406], [383, 395], [385, 393], [47, 58], [48, 57], [50, 55]]"
srp_Spra.loph._GSP-51541,AGAGAUAUGGUUGUGCCAAGUUUAGUCAUGUGCAAUAGCGAAUAUGGUGUAGAUCAUUGAGGCAUCUGCUUAAUGUGAUGGGGAAUGCGUCAGGACGGCAACGUAGCAGCGAGUAACCGUCAGCAUGAUUAGUACCGUGGAAUAACAUAACCUAGUUUUUU,.((..(..(..............................................................................(....)........................(....)...........................)..)..))...,"[[2, 158], [3, 157], [6, 154], [9, 151], [118, 123], [88, 93]]"
tmRNA_envi.sequ._TRW-2-1_1-365,GGGGCUGACAGGAAUCGACAGUAGAGUGUAUCAUGUCAGUAAGCAUGCCGGGGAAUGGUGGUUUACCCCGUUAUCAAAUGAUUACCGACCAAUAAUUGGCGAAACUCGUUUCGCGUUGGCUGCCUAAUUCAAGGAAUUAGCGUGCCUUCAUGCUAAGGGUUUGAUAUCUGCUAAAACCCGGUGCAUUCAUCAAUGCAGGUUAAGCCAAAGGGAUGUCCCGACCGGAGGCCGACAAUCCAGGGAACCGGAUGUCAUCACGUUGUUGCAGUACCAGAUGGCAUCUUAAAUCCGAUCUGCAAAUAAGCAUGUAGAAAGCUGAUGUGGGCUUUAGCUGGACGGGGGUUCAAUUCCCCCCGGCUCCACCA,((.......................................................................................................................................................................................................................((.......))............................................................................................................((.(.(........).).))......)).,"[[1, 364], [2, 363], [337, 356], [338, 355], [340, 353], [342, 351], [218, 228], [219, 227]]"
tmRNA_Acid.ferr._TRW-920_1-341,GGGGGUGAACUGGCUUCGACUUUGAAGCGAGCCUCUCAGUAGCGAGCUGAGGGUCCUAGGGCCUCAUUAAAAACGUAGGAAAAAAAAGAUAACUGCCAAACCUAAAUUGGCCGUAGCAGCUUAAUUGUUGCUCGUCGACUAUCGGGGUUCCCACCUCGGAUAGUAUCGGCGUCGAAAUGUGGGAUGCUAAGUUAGUUUACCGGCUAGCUUUCAAGAUUUAAGGUAAAAACUAUUGAGAAUUUGUUUCUGGUGACUCUCUCAAUAGUAUUUCACCAGAUGCGCUCGGAGAAGCUGUUAGGUAGCUUAAAAGGACCGGGGUUCGACUCCCCGCACCUCCACCA,((...............(..(.......)..).........................................................................................................................................................................................................................................................................................((.((.......)).))........)).,"[[1, 340], [2, 339], [314, 330], [315, 329], [317, 327], [318, 326], [18, 32], [21, 29]]"
grp1_a.I1.b.Synechococcus.sp2.C3.tLEU,ACGCAGCGGACUUAGAAAACUGGGCCUCGAUCGCGAAAGGGAUCGAGUGGCAGCUCUCAAACUCAGGGAAACCUAAAACUUUAAACAUUAAAGUCAUGGCAAUCCUGAGCCAAGCUAAAGCUAAACAACUAACAGCUUUAGAAGGUGCAGAGACUAGACGGGAGCUACCCUAACGGAUUCAGCCGAGGGUAAAGGGAUAGUCCAAUUCUCAACAUCGCGAUUGUUGAUGGCAGCGAAAGUUGCAGAGAGAAUGAAAAUCCGCUGA,...(((((((.............................................................................................................................................................((.(..(.......)..).))..........................................(..(....)..)...............))))))).,"[[4, 264], [5, 263], [6, 262], [7, 261], [8, 260], [9, 259], [10, 258], [231, 242], [234, 239], [168, 188], [169, 187], [171, 185], [174, 182]]"
