id,sequence,base_pairs
16s_C.elegans_domain1,AAUAGGUUUGGUCCUAGCCUUUCUAUUAACUCUUAGUAGGAUUACACAUGCAAGCAUCCCCGCCCCAGUGAGUCACCCUCUAAAUCACCACGAUCAAAAGGAACAAGCAUCAAGUACGCAGAAAUGCAGCUCAAAACGCUUAGCCUAGCCACACCCCCACGGGAGACAGCAGU,"[[1, 27], [2, 26], [4, 20], [5, 19], [6, 18], [7, 17], [8, 16], [10, 14], [24, 38], [25, 37], [28, 34], [77, 101], [78, 100], [79, 99], [84, 94], [85, 93], [86, 92], [106, 140], [107, 139], [108, 138], [113, 131], [114, 130], [118, 127], [119, 126], [120, 125], [143, 149], [144, 148]]"
tRNA_tdbR00000011-Neurospora_crassa-5141-Ala-UGC,GGGGGUAUAGUAUAAUUGGUAGUACAGCAAUCUUGCUCAUUGCUUGUCAAGGUUCAAAUCCUUGUAUCUCCACCA,"[[1, 71], [2, 70], [3, 69], [4, 68], [5, 67], [6, 66], [7, 65], [10, 25], [11, 24], [12, 23], [30, 53], [48, 64], [49, 63], [50, 62], [51, 61], [52, 60]]"
tRNA_tdbR00000379-Enterobacteria_phage_T4-10665-Ser-NGA,GGAGGCGUGGCAGAGUGGUUUAAUGCACCGGUCUUGAAAACCGGCAGUCGCUCCGGCGACUCAUAGGUUCAAAUCCUAUCGCCUCCGCCA,"[[1, 86], [2, 85], [3, 84], [4, 83], [5, 82], [6, 81], [7, 80], [10, 26], [11, 25], [12, 24], [28, 44], [29, 43], [30, 42], [31, 41], [32, 40], [46, 61], [47, 60], [48, 59], [49, 58], [50, 57], [51, 56], [63, 79], [64, 78], [65, 77], [66, 76], [67, 75]]"
16s_P.staleyi_domain4,ACCGCCCGUCAAGCCACGAAAGUGGGGGGGACCCAACAGCGCUGCCGUAACCGCAAGGAACAAGGCGCCUAAGGUCAACUCCGUGAUUGGGACUAAGUCGUAACAAGGUAGCCGUAGGGGAACCUGCGGCUGGAUCACCUCCUUUCU,"[[14, 25], [15, 24], [16, 23], [17, 22], [109, 132], [110, 131], [111, 130], [112, 129], [113, 128], [114, 127], [115, 126], [116, 125], [117, 124], [118, 123]]"
srp_Guil.thet._AF041468,GCCCAUUAUUAUGUGAAAAAUAUCUCUUAACAUGUCAGGACAUAAAUGUAGCAGCAUAAAGAAAUUUAUUUUUUUAGAUAUAAUAAAUGGGCCAACA,"[[1, 92], [2, 91], [3, 90], [4, 89], [5, 88], [6, 87], [7, 86], [8, 84], [9, 83], [10, 82], [11, 81], [12, 80], [13, 79], [14, 78], [32, 57], [33, 56], [34, 55], [35, 54], [40, 49], [41, 48], [42, 47], [58, 75], [59, 74], [60, 73], [61, 72], [62, 71], [63, 70], [64, 69]]"
tmRNA_Bact.mari._TRW-97084_1-385,GGGGGUGCCCUGGUUUCGACGGGUUGCUAGAAGUUUUGUGGGCGUGUCCAGGCUGGUGUCCAAGGUCCUGGUUAAAAGGAGACCAAACCAUAAUUGCAGAAUCUAAUUUUGCUCCAGCUAUGGCCGCUUAAUUUAAUUAACGCCGCCGCUUUAAGUAGCUUGAGGGGUUAGCAUCCAAUAAACAGAAGCUAACAUCCCAGUGGUAACAACUGGCUAACUUGUUACGCAGCAACUGCCAUGCAAUGCUGUUGAAAAAACAAGUGGGGUUUGUCGAGUUCGCGUAAUUCGAACAGUCUUGUCUUCUGACGAUAAAUGAAGACUACGCACGUAGUCCGCACUAUGGAAAUCAACUCGGACGCGGGUUCGAUUCCCGCCACCUCCACCA,"[[1, 381], [2, 380], [3, 379], [4, 378], [5, 377], [6, 376], [7, 375], [20, 354], [21, 353], [22, 352], [23, 351], [24, 350], [25, 349], [26, 348], [40, 61], [41, 60], [42, 59], [43, 58], [48, 71], [88, 343], [90, 341], [91, 340], [96, 112], [97, 111], [98, 110], [99, 109], [100, 108], [101, 107], [130, 138], [158, 189], [159, 188], [160, 187], [161, 186], [197, 213], [199, 211], [200, 210], [205, 223], [206, 222], [207, 221], [208, 220], [209, 219], [212, 237], [214, 235], [231, 250], [275, 291], [276, 290], [277, 289], [278, 288], [279, 287], [301, 317], [302, 316], [303, 315], [318, 333], [319, 332], [320, 331], [321, 330], [322, 329], [323, 328], [327, 342], [358, 374], [359, 373], [360, 372], [361, 371], [362, 370]]"
5s_Mycoplasma-pulmonis-1,CAAGUGACCAUAACGCAAGUUAUACCUGAUACCAUUCCGAACUCAGUAGUCAAGACUUGUGGUGCCGACGAUACCCGCUGGGGAAAAUAGGGAGUUGCUUUUU,"[[1, 59], [2, 58], [3, 57], [5, 55], [10, 23], [11, 22], [12, 21], [13, 20], [14, 19], [26, 46], [27, 45], [28, 44], [29, 43], [74, 83]]"
tmRNA_Pseu.halo._CR954246_1-357,GGGGCUGAUUAGGAUUCGACGGAAUUCAAGAAGCCCAAGGUGCAUGUCGAGGUGCGGUUUGCCUCGUUAAACAGCCGCAACCUAAAGUAAUCGCAAACGACGAUAACUACUCUCUAGCGGCUUAGGCCAGCUAGCGCUCCUUCUAUGUAUUCUUGUGGACUAGAUUUUGGAGUGUCACCCUAACACCUGAUCGCGAUGGAAACCCUGGCCGGGGUUGAAGCGUUAAAACUAAGCGGCCUCGCCUUUAUUUACCGUGUUUGUCCGGGACUUAAAGGUUAAUUAAAUGACAAUACUAAGCAUGUAGUACCGACGGUCGAGGCUUUUCGGACGGGGGUUCAAAUCCCCCCAGCUCCACCA,"[[1, 353], [2, 352], [3, 351], [4, 350], [5, 349], [6, 348], [7, 347], [35, 313], [36, 312], [39, 308], [40, 307], [41, 306], [42, 305], [43, 304], [44, 300], [45, 299], [46, 298], [47, 297], [48, 66], [49, 65], [50, 64], [51, 63], [52, 62], [53, 79], [54, 78], [55, 77], [56, 76], [57, 75], [58, 74], [59, 70], [60, 69], [114, 134], [115, 133], [116, 132], [117, 131], [118, 130], [123, 231], [124, 230], [125, 229], [140, 169], [172, 186], [173, 185], [201, 216], [202, 215], [203, 214], [204, 213], [205, 212], [206, 211], [243, 274], [330, 346], [331, 345], [332, 344], [333, 343], [334, 342]]"
tmRNA_Chro.sale._CP000285_1-380,GGGGGCGACAUGGCUUCGACGCCGGUGACAAUCCCUGAGGUGCAUGCCGAGAGCGUAACGUAUCUCGUAAAUCCAACGUUACGAUUAAAUAGUCGCAAACGACGACAACUACGCUCAGGGCGCGCUGGCAGCGUAACAACUGCUAGCUUCUAGUCCGGCCCGGAGGUGAUGUGCCCAUUCAUCACCGAUGGGAUACGAGCUCAGACUGAUGGGAUCGCGGUUGGCCCUGUCCUCGUGUCAGCCGCUAAAACUUAGAGGAAUCGCGUCGCUGGAUCCUGCCCGUCGGAGCCAGGGACGUUAAAUCAGAAGACGGACCUAAGCAUGUAGAGCCGAUGGGUGAGUGCCGGCGGACGGGGGUUCAAUUCCCCCCGCCUCCACCA,"[[1, 376], [2, 375], [3, 374], [4, 373], [5, 372], [6, 371], [7, 370], [12, 290], [13, 289], [14, 288], [15, 287], [16, 286], [17, 285], [18, 284], [20, 349], [21, 348], [22, 347], [23, 346], [24, 345], [35, 335], [39, 331], [40, 330], [41, 329], [43, 324], [44, 323], [45, 322], [46, 321], [47, 320], [48, 67], [49, 66], [50, 65], [51, 64], [52, 63], [54, 83], [55, 82], [56, 81], [57, 80], [58, 79], [59, 78], [60, 77], [61, 76], [62, 194], [112, 122], [124, 147], [125, 146], [126, 145], [127, 144], [128, 143], [129, 142], [130, 141], [131, 140], [154, 314], [160, 191], [161, 190], [165, 186], [166, 185], [167, 184], [168, 183], [169, 182], [170, 181], [171, 180], [192, 200], [220, 231], [221, 241], [222, 240], [223, 239], [275, 293], [276, 292], [277, 291], [353, 369], [354, 368], [355, 367], [356, 366], [357, 365]]"
telomerase_AF221926.103-507,ACAGUGGGAAUAGGAGGGAGUCUAUAUUUCUAACCCUAAUAUACCCGGUUCAGGGCUCUUAUGUGGCGCUCGUUGUUUUGCCGGUUGCCUUUCAGCGGGCGAAAGAGCUCAGAGAAGCGAGGACCAAAAAACGGCAGCCGCGGGCCCUCCUGUUCCCACCAUCCCAGCUUUUCCACACUGCGCCUGGGUUCUCACUCAAGUGUUCGGCAGCUUCCACUUACGAGGCCGCGGUCUACCGCUGUCACUGGUAGUCGCGAAGAGUUCGUCUCUGUCAGCCUUGGGAGCCGCGGACGGAGUAUGAGGUCCAGUAAUGAGAGCAGGGAAGAGUAAAGCGAGCCGCGCUACUUGUCCUAUCUGCCGCUCCUAAGCUGUGGGGCGUGUAGGGUACACAAGGCUCCGACAUUC,"[[1, 242], [2, 241], [6, 157], [7, 156], [8, 155], [9, 154], [10, 153], [11, 152], [12, 151], [13, 150], [14, 149], [15, 148], [16, 147], [17, 146], [18, 145], [25, 41], [26, 40], [27, 39], [28, 38], [63, 345], [64, 344], [65, 343], [66, 342], [67, 341], [68, 100], [69, 339], [72, 333], [73, 332], [74, 331], [78, 330], [80, 328], [81, 327], [88, 99], [94, 240], [95, 239], [185, 198], [186, 197], [187, 196], [188, 195], [189, 194], [199, 218], [200, 217], [201, 216], [202, 215], [227, 256], [228, 255], [229, 254], [230, 253], [231, 252], [233, 251], [234, 250], [235, 249], [236, 248], [237, 247], [238, 246], [258, 270], [259, 269], [260, 268], [261, 267], [276, 394], [277, 393], [278, 392], [286, 302], [359, 378], [360, 377], [361, 376], [362, 375], [363, 374], [364, 373]]"
16s_T.maritima_domain4,ACCGCCCGUCACGCCACCCGAGUCGGGGGCUCCCGAAGACACCUACCCCAACCCGAAAGGGAGGGGGGGUGUCGAGGGAGAACCUGGCGAGGGGGGCGAAGUCGUAACAAGGUAGCCGUACCGGAAGGUGCGGCUGGAUCACCUCCUUUCU,"[[2, 111], [4, 108], [7, 104], [8, 103], [12, 98], [13, 97], [14, 96], [15, 95], [17, 93], [18, 92], [19, 91], [22, 88], [23, 87], [24, 86], [25, 85], [26, 84], [27, 83], [30, 80], [31, 79], [32, 78], [33, 77], [34, 76], [38, 73], [39, 72], [40, 71], [41, 70], [42, 69], [43, 68], [46, 67], [48, 65], [49, 63], [52, 61], [53, 60], [54, 59], [113, 136], [114, 135], [115, 134], [116, 133], [117, 132], [118, 131], [119, 130], [120, 129], [121, 128], [122, 127]]"
tmRNA_Lact.case._CP000423_1-364,GGGGGUGUAAUGGUCUCGACAUUGCUUUUCGCACAUGCAGUGCACCUCGGAGGCUCGGCUCCGUCAUCAACGGAACAGUUAAUAUAACUGCAAAGAACGAAAAUUCUUACGCUUUAGCUGCUUAAUAACCAGCUAGCGUGAUCCUUCCGACUUCGCUCAAGGGUCGGGUCUGGGUCUCAAAUUAUUGAGCUACGGUUAAUGUUGCCACCUGAGGCAUUAACAAGAGACUAGUAGGUUAGCUGCGUUGUGUUAGCCUUGCUGGCUGGCGCGACAUCGCGGCGAAUUUUAAAUAAGUCAGCUAUAGGUGUAGAGCUGCAUGUAGCAGGGGUGAUGGACAGGAGUUCGAUUCUCCUCACCUCCAUUA,"[[1, 360], [2, 359], [3, 358], [4, 357], [5, 356], [6, 355], [7, 354], [20, 333], [21, 332], [22, 331], [26, 103], [27, 102], [28, 101], [33, 320], [34, 319], [35, 318], [36, 317], [37, 316], [38, 315], [39, 314], [40, 313], [41, 312], [43, 307], [44, 306], [45, 305], [46, 304], [47, 303], [60, 74], [61, 73], [62, 72], [63, 71], [64, 70], [76, 90], [77, 89], [78, 88], [79, 87], [80, 86], [94, 107], [100, 287], [114, 136], [115, 135], [116, 134], [117, 133], [118, 132], [119, 131], [120, 130], [122, 128], [166, 178], [167, 177], [204, 215], [205, 214], [206, 213], [229, 293], [234, 255], [235, 254], [236, 253], [237, 252], [238, 251], [239, 250], [240, 249], [248, 273], [337, 353], [338, 352], [339, 351], [340, 350], [341, 349]]"
RNaseP_Rr327,GAGGAAAGUCCGGGCUCCACAGGGCAGGGUGCCAGCUAACGGCUGGGCGGGGUAACCCGACGGAAUAGUGCAACAGAGAGCAGACCGCCGCUUCGCUGCUCCGGCAGCGGGCGGUAAGGGUGAAACGGUGGGGUAAGAGCCCACCAGUGCCCCUGGAGACAGGGGGAGCUAGGUAAACCCCACCCGGUGCAAGGCCUACGUGAGGGCAUGCCCUCGCGCACCCCAGGGAGAGCUUGCCCGGCUCGCUUACCUGGAGGGAUUGGCCGCUCGAGGUCGCUGGCGACAGCGAUCCCAGAUAGAUGACCGUGGAAACAGAAUCCGGCUUA,"[[6, 325], [7, 324], [8, 323], [10, 322], [11, 321], [12, 320], [13, 319], [14, 318], [15, 189], [17, 187], [18, 186], [27, 185], [28, 184], [29, 183], [30, 182], [31, 181], [32, 46], [33, 45], [34, 44], [35, 43], [36, 42], [48, 59], [49, 58], [50, 57], [51, 56], [68, 178], [69, 177], [70, 174], [71, 173], [85, 119], [86, 118], [87, 115], [88, 114], [89, 113], [90, 112], [91, 111], [92, 110], [94, 109], [95, 108], [96, 107], [97, 106], [98, 105], [127, 145], [128, 144], [129, 143], [130, 142], [131, 141], [132, 140], [146, 170], [147, 169], [148, 167], [150, 165], [151, 164], [152, 163], [153, 162], [154, 161], [155, 160], [199, 218], [200, 217], [201, 216], [202, 215], [203, 214], [204, 213], [205, 212], [206, 211], [269, 308], [272, 291], [273, 290], [274, 289], [275, 288], [276, 287], [277, 286], [278, 285], [279, 284]]"
grp1_a.I1.e.L.dispersa.UNK.SSU.1210,CUGUGAUGCCCUCUAGGAUAGUGUAAAGAGUCUAAAUAGCUCCGCCCAGCGACGUUUGAUUCUCGCCUAGCGAGUUCUUCGAACGAGUCGAUCCCGAAUGAGCGCCUACAUCGGGCUCCUGGGGUGAUCCAGAGACUAGACGGAGGCGACGUCUCGCGGGGCUGGCCUUCAGACAUAGUCCAACGCAACGGCCGGGAUGUAAGUGUUAGAUGUUCUGGGCC,"[[11, 159], [28, 42], [29, 41], [30, 40], [62, 74], [63, 73], [64, 72], [65, 71], [66, 70], [96, 112], [97, 111], [102, 116], [103, 115], [119, 132], [120, 131], [121, 130], [122, 129], [123, 128], [134, 180], [135, 179], [136, 178], [137, 177], [138, 176]]"
tmRNA_Wigg.glos._BA000021_1-365,GGGGCUGAUUAUGGAUUCGACGAAAUAAACAAAACUAAAGAUGCAUGUCGAGCAGAGGUGGACUCGUAAAACCUCAAAUUGAUAAUUGCAAAACAUAAGUACAACGAGCCUGCUCUAUUAGCAGCUUAAUUAGAAUAAAAUCUUAGGCUCCUUCUUAGAUAUAUUAUCUCUAGAUGUAUCAAUAGAAGUCAAAAUUAGAGAUCGCGAUAUGAACGGGCUUGUACGUUCCUACGCUAAAAUAAUACAAGAUAAUUUUUAGUUCACACUUCUUUCUGUAGAACUAAAAAUAUUUAAGAAAGAAUAAACAUGUAGUAUCAAUAGAAUUGAAGUUUCGGACGCGGGUUCAAAUCCCGCCAGCUCCAUAU,"[[1, 361], [2, 360], [3, 359], [4, 358], [5, 357], [6, 356], [7, 355], [21, 334], [22, 333], [23, 332], [24, 331], [25, 330], [26, 329], [41, 253], [42, 252], [44, 309], [45, 308], [46, 307], [47, 306], [48, 305], [55, 75], [56, 74], [57, 73], [58, 72], [59, 71], [99, 224], [102, 221], [103, 220], [104, 219], [108, 218], [113, 121], [114, 120], [151, 188], [153, 186], [154, 185], [155, 184], [158, 180], [159, 179], [160, 178], [161, 177], [167, 201], [168, 200], [169, 199], [170, 198], [171, 197], [172, 196], [173, 195], [211, 228], [222, 244], [249, 290], [254, 286], [255, 285], [256, 284], [257, 283], [258, 282], [259, 281], [260, 280], [261, 279], [262, 278], [263, 276], [264, 275], [265, 274], [338, 354], [339, 353], [340, 352], [341, 351], [342, 350]]"
tRNA_tdbR00000403-Bos_taurus-9913-Ser-UGA,GAGAGAGACAUAGAGGUUAUGAUGUUGGCUUGAAACCAAUAGUAGGGGGUUCGAUUCCUUCCUUUCUUACCA,"[[1, 68], [2, 67], [3, 66], [4, 65], [23, 41], [24, 40], [25, 39], [26, 38], [27, 37], [28, 36], [45, 61], [46, 60], [47, 59], [48, 58], [49, 57]]"
RNaseP_P.guilliermondii,GUUCUCUCCGUCCACGGAGGCAGGUUUCUGCCUUCGCACAAAAUGCUCCUGAGAGCGUCCUGGCGCGAAAGCGCCGGGCAGGGCCAUCAGAAAUCAGUCGAGUUUACUUGGCAUGGGAGGCUCUGCGGACGGUUGGUCAUGUGUAUGAACAUGGCUAUUGAGUGCAAUAUGCGAACCUUGAAAAAGGCA,"[[12, 128], [15, 36], [16, 35], [17, 34], [18, 33], [19, 32], [20, 31], [21, 30], [22, 29], [23, 28], [43, 58], [44, 57], [45, 56], [46, 55], [47, 54], [48, 53], [59, 78], [60, 77], [61, 76], [62, 75], [63, 74], [64, 73], [65, 72], [66, 71], [79, 125], [80, 124], [81, 123], [82, 122], [83, 121], [84, 120], [85, 119], [97, 112], [98, 111], [99, 110], [100, 109], [101, 108], [102, 107], [136, 155], [137, 154], [138, 153], [139, 152], [140, 151], [141, 150], [142, 149], [176, 187], [177, 186], [178, 185], [179, 184]]"
16s_H.sapiens_domain4,ACCGCCCGUCGCUACUACCGAUUGGAUGGUUUAGUGAGGCCCUCGGAUCGGCCCCGCCGGGGUCGGCCCACGGCCCUGGCGGAGCGCUGAGAAGACGGUCGAACUUGACUAUCUAGAGGAAGUAAAAGUCGUAACAAGGUUUCCGUAGGUGAACCUGCGGAAGGAUCAUUA,"[[2, 138], [4, 135], [7, 131], [8, 130], [10, 128], [13, 124], [14, 123], [15, 122], [16, 121], [18, 119], [23, 115], [24, 114], [25, 113], [26, 112], [27, 111], [28, 110], [29, 109], [30, 108], [33, 105], [34, 104], [35, 103], [40, 98], [41, 97], [54, 82], [55, 81], [56, 80], [57, 79], [58, 78], [59, 77], [60, 76], [61, 75], [62, 74], [63, 73], [64, 72], [65, 71], [140, 163], [141, 162], [142, 161], [143, 160], [144, 159], [145, 158], [146, 157], [147, 156], [148, 155], [149, 154]]"
RNaseP_H.morrhuae,GGCAGAGAGAGCCCGGCCACCGCGGCGUACCGACAGGCACACACGUGCCAGCGGGUACGCACGCGAGGAAAGUCCCCCCACCGCCGGGCAGGUGACCGGGGAAACCCCGGGACGGGAGACCGUCGGCGCUGGAACAGCAACGAGACCCCUCCACCCGACCGAUGAGGCGCGGGCGGUGGCAUCGCCACCGUCUCGGCGCGAGCGGCACGGGGUGCAUCGUGCGCCCCGAAGCGAGCGGGCACCGCCCGCGACGCAGCCGCGAGCGUGCGAACCCGACGCAAAACGGCCACUGGUCGGACAAAGCAACGGGGAGCUAACCCGCCGAGGGAUGAGGGUGGAGAACGGAUGGAACGGCGAAUCCUCACCGGUGCAAGUCCACGCCACGCGGAUCGGCCGCACGGUAGCCCGGCAGGGACGUGGACGCUCAGCCGAAUGCCGGGGCGAACAGAAGGGGGCUUACUCCUCUCAGCCAUGU,"[[1, 471], [2, 470], [3, 469], [5, 467], [6, 466], [7, 465], [8, 464], [9, 463], [10, 461], [11, 460], [12, 440], [13, 439], [14, 438], [15, 437], [16, 436], [17, 435], [21, 65], [22, 64], [23, 63], [24, 62], [26, 59], [27, 58], [28, 57], [29, 56], [30, 55], [31, 54], [53, 274], [60, 267], [61, 266], [70, 458], [71, 457], [72, 456], [74, 455], [75, 454], [76, 453], [77, 452], [78, 451], [79, 370], [80, 369], [81, 368], [82, 367], [83, 410], [84, 409], [85, 408], [86, 407], [87, 406], [88, 405], [89, 404], [91, 366], [92, 365], [93, 364], [94, 363], [95, 362], [96, 110], [97, 109], [98, 108], [99, 107], [100, 106], [101, 105], [111, 124], [112, 123], [113, 122], [114, 121], [115, 120], [125, 361], [126, 360], [130, 357], [132, 355], [154, 335], [155, 334], [156, 333], [166, 252], [168, 250], [170, 195], [171, 247], [172, 192], [173, 191], [174, 190], [175, 189], [176, 188], [177, 187], [178, 186], [179, 185], [180, 184], [207, 220], [208, 219], [209, 227], [210, 226], [211, 225], [212, 224], [213, 223], [214, 222], [215, 221], [218, 400], [235, 249], [236, 248], [285, 295], [286, 294], [287, 293], [288, 292], [374, 422], [375, 421], [376, 420], [377, 419], [378, 418], [379, 417], [380, 416], [381, 414], [382, 413], [386, 396], [387, 395], [388, 394]]"
16s_H.sapiens.mito_domain4,ACCGCCCGUCACCCUCCUCAAGUAUACUUCAAAGGACAUUUAACUAAAACCCCUACGCAUUUAUAUAGAGGAGACAAGUCGUAACAUGGUAAGUGUACUGGAAAGUGCACUUGGACGAAC,"[[20, 29], [21, 28], [90, 113], [91, 112], [92, 111], [93, 110], [94, 109], [95, 108], [96, 107], [97, 106], [98, 105], [99, 104]]"
RNaseP_R.rubrum,CCAGUCGGCCGGAUGGCCGCUCUCCGUCAUCGUCCCCGGGCCACCCCCGAUGGACCGUCGGGGGGAGGAAAGUCCGGGCUCCACGGGAACACGGUGCCGGGUAACGCCCGGCGGGGGCGACCCUAGGGAAAGUGCCACAGAGAGCAAACCGCCGGCCUAUACGGCCGGUAAGGGUGAAAGGGUGCGGUAAGAGCGCACCGCCUGCCCGGCAACGGGGAGGGCAUGGUAAACCCCACCGGGAGCAAGAUCGAAUAGGGACGGCACGCCCCGGUUUUCCGGGGCAAGCGGCGUUUCCGCGCCGCCGUCCGGGUAGUAUCGCGCGAGGCGUCCGGUAACGGGCGUCCCAGAUGAAUGGCCAUCCCCGUCGUCGCGUCCCUUGCGGGAUACGGCCGGCGUGGACAGAACCCGGCUUACAGGCCGUCUGGCGGU,"[[1, 425], [2, 424], [3, 423], [4, 422], [5, 421], [6, 420], [7, 419], [8, 418], [9, 417], [10, 416], [11, 414], [12, 360], [13, 359], [14, 29], [15, 28], [19, 145], [20, 144], [44, 64], [45, 63], [46, 62], [47, 61], [48, 60], [49, 59], [50, 58], [51, 57], [52, 56], [70, 412], [71, 411], [72, 410], [74, 409], [75, 408], [76, 407], [77, 406], [78, 405], [79, 242], [80, 241], [81, 240], [82, 239], [92, 238], [93, 237], [94, 236], [95, 235], [96, 234], [97, 111], [98, 110], [99, 109], [100, 108], [101, 107], [105, 119], [106, 118], [112, 126], [113, 124], [114, 123], [115, 122], [116, 121], [127, 233], [128, 232], [132, 231], [133, 230], [134, 227], [135, 226], [136, 225], [149, 173], [150, 172], [151, 169], [152, 168], [153, 167], [154, 166], [155, 165], [156, 164], [157, 163], [181, 199], [182, 198], [183, 197], [184, 196], [185, 195], [186, 194], [200, 222], [201, 220], [202, 219], [203, 218], [205, 216], [206, 215], [207, 214], [208, 213], [255, 345], [256, 344], [257, 306], [258, 305], [259, 304], [260, 303], [265, 282], [266, 281], [267, 280], [268, 279], [269, 278], [270, 277], [271, 276], [285, 302], [286, 301], [287, 300], [288, 299], [289, 298], [290, 297], [291, 296], [293, 399], [294, 398], [324, 343], [325, 342], [326, 341], [327, 340], [328, 339], [329, 338], [330, 337], [331, 336], [372, 385], [373, 384], [374, 383], [375, 382], [376, 381]]"
23s_T.thermophilus_domain3,AAGAGGGUGAGAAUCCCUCUCGCCGUAAGCCCAAGGGUUCCUACGCAAUGGUCGUCAGCGUAGGGUUAGGCGGGACCUAAGGUGAAGCCGAAAGGCGUAGCCGAAGGGCAGCCGGUUAAUAUUCCGGCCCUUCCCGCAGGUGCGAUGGGGGGACGCUCUAGGCUAGGGGGACCGGAGCCAUGGACGAGCCCGGCCAGAAGCGCAGGGUGGGAGGUAGGCAAAUCCGCCUCCCAACAAGCUCUGCGUGGUGGGGAAGCCCGUACGGGUGACAACCCCCCGAAGCCAGGGAGCCAAGAAAAGCCUCUAAGCACAACCUGCGGGAACCCGUACCGCAAACCGACACAGGUGGGCGGGUGCAAGAGCACUCAGGCGC,"[[1, 21], [2, 20], [3, 19], [4, 18], [5, 17], [6, 16], [7, 15], [8, 22], [23, 350], [24, 349], [37, 76], [39, 65], [40, 64], [41, 63], [42, 62], [43, 61], [44, 60], [45, 59], [46, 58], [70, 88], [71, 87], [74, 324], [89, 94], [111, 128], [112, 127], [113, 126], [114, 125], [115, 124], [131, 323], [132, 322], [133, 321], [134, 320], [135, 319], [136, 318], [137, 317], [138, 316], [139, 315], [140, 314], [141, 313], [149, 276], [150, 275], [151, 274], [152, 273], [201, 245], [202, 244], [203, 243], [204, 242], [205, 241], [206, 240], [207, 239], [208, 233], [209, 232], [210, 231], [211, 230], [212, 229], [213, 228], [214, 227], [215, 226], [217, 224], [256, 267], [257, 266], [258, 265], [259, 264], [336, 347], [337, 346], [338, 345]]"
tRNA_tdbR00000556-Schizosaccharomyces_pombe-4896-Tyr-GPA,CUCCUGAUGGUGUAGUUGGUUAUCACACCCGGCUGUAAACCGGUUGGUCGCUAGUUCGAUUCUGGCUCAGGAGACCA,"[[1, 73], [2, 72], [3, 71], [4, 70], [5, 69], [6, 68], [7, 67], [12, 24], [26, 46], [27, 45], [29, 43], [30, 42], [31, 41], [32, 40], [50, 66], [51, 65], [54, 62]]"
16s_P.occultum_domain4,ACCGCCCGUCGCUCCACCCGAGCGGGGGAGGGGUGAGGCCCCGUCCCUCGCCAGGGCGGGGUCGAACCUCUCCCCCGCGAGGGGGGAGAAGUCGUAACAAGGUAGCCGUAGGGGAACCUGCGGCUGGAUCACCUCCU,"[[2, 101], [4, 98], [7, 94], [8, 93], [10, 91], [12, 88], [13, 87], [14, 86], [15, 85], [17, 83], [18, 82], [19, 81], [22, 78], [23, 77], [24, 76], [25, 75], [26, 74], [27, 73], [28, 72], [29, 71], [32, 68], [33, 67], [34, 66], [37, 63], [38, 62], [39, 61], [40, 60], [41, 59], [42, 58], [43, 57], [44, 56], [45, 55], [48, 80], [49, 79], [103, 126], [104, 125], [105, 124], [106, 123], [107, 122], [108, 121], [109, 120], [110, 119], [111, 118], [112, 117]]"
tmRNA_envi.sequ._TRW-32045-1_1-355,GGGGGCGACUUGGCUUCGACAGCAGAUACAAACCCUCAAGUGCAUGUCGAGAAGGUAGUAAUUCUCGUAAAUAAAUUGCUGCAAACUUGUUAGUUGGCGAAAACGCAGACUACGCUUUAGCCGCUUAAUUGGCUAACUGUCCUUGGUAACGUGCUCGUGCGCCUCCAAAGACAGACGACUACACGAGAUGCUGGAAUUGUUCUUCUCAUUGACAAUUUCUUAAGAAUUAAAUUGAGAUCGUUUUUUGAUCCCUGUUUAUCGGGUGUAAAAGAUUAAAUUAAUAGAUAAAACUAAACAUGUAGAUCUUGUGGCAGAGUACUGAUGGACGCGGGUUCAAUUCCCGCCGCCUCCACCA,"[[1, 351], [2, 350], [3, 349], [4, 348], [5, 347], [6, 346], [7, 345], [20, 324], [40, 305], [42, 300], [43, 299], [44, 298], [45, 297], [46, 296], [47, 295], [48, 67], [49, 66], [50, 65], [51, 64], [52, 63], [53, 62], [55, 182], [56, 181], [57, 180], [58, 179], [117, 136], [118, 135], [119, 134], [120, 133], [121, 132], [122, 131], [123, 130], [183, 309], [184, 308], [185, 307], [186, 306], [188, 304], [189, 303], [236, 250], [243, 270], [244, 269], [252, 261], [328, 344], [329, 343], [330, 342], [331, 341], [332, 340]]"
tRNA_tdbR00000044-Mycoplasma_capricolum-2095-Glu-UC,GGCCUGUUGGUGAAGCGGUUAACACACACGGUUUUCAUCCGUGGACACACGGGUUCGAACCCCGUACAGGCUACCA,"[[1, 72], [2, 71], [3, 70], [4, 69], [5, 68], [6, 67], [7, 66], [12, 23], [37, 54], [38, 53], [39, 52], [40, 51], [41, 50], [42, 49], [43, 48]]"
tRNA_tdbR00000390-Escherichia_coli-562-Ser-CGA,GGAGAGAUGCCGGAGCGGCUGAACGGACCGGUCUCGAAAACCGGAGUAGGGGCAACUCUACCGGGGGUUCAAAUCCCCCUCUCUCCGCCA,"[[1, 86], [2, 85], [3, 84], [4, 83], [5, 82], [6, 81], [7, 80], [28, 44], [29, 43], [30, 42], [31, 41], [32, 40], [48, 59], [49, 58], [50, 57], [63, 79], [64, 78], [65, 77], [66, 76], [67, 75], [68, 73]]"
srp_Fuso.nucl._AE009951,GCCCUUAGGGGAUAUGAUAUAUUAUUGUCGAACCGUGUCAGAUCUGGAAGGAAGCAGCACUAAGAUUUAUAGUAUAUGCAUGUCUUCCUAGGGGUAUCU,"[[1, 95], [2, 94], [3, 93], [4, 92], [5, 91], [6, 90], [7, 89], [8, 87], [9, 86], [10, 85], [11, 84], [12, 83], [13, 82], [14, 81], [15, 80], [16, 79], [17, 77], [18, 76], [19, 75], [20, 74], [21, 73], [22, 72], [23, 71], [24, 70], [28, 65], [29, 64], [35, 60], [36, 59], [37, 58], [38, 57], [42, 66], [43, 52], [44, 51], [45, 50]]"
RNaseP_M.barkeri,CAUGCGAGAGAGGCUGGACGGCUGACGGGCCUUCGGGUCUGAGGAAAGUCUCCCCACCGCUCCGGAUACACGAACAUCUGUAAAGGAUGUCGGGCGAGAGCCCGGGCCCUGGCACAGAAACGAUAACCAUCCUCUGAAAAUGCGAUGAUGCGGAAGCUGAGAUCUCAGGGUAAAUGGAUGAAACGGCGAACCCUCGUGGGUGCAAGUUGGAAAUCGGGGAGAAGAGAAUUCCGGACUCUCCCGGUUGUUUUUGGAAACGCAUAGCCGAAUGCCGUCACUGCAAGAGUCCUCAGGACCAUUUCCUCCACUGAUGGGUGAUAGGAAAUCUUUGCAGGAACAGAAGGGAGCUUACGUGCCUCACUCGCAUAAAC,"[[1, 368], [2, 367], [3, 366], [4, 365], [5, 364], [6, 363], [7, 362], [8, 361], [10, 359], [11, 133], [12, 31], [13, 131], [27, 40], [47, 349], [48, 348], [50, 347], [51, 346], [52, 345], [53, 344], [54, 343], [74, 90], [75, 89], [76, 88], [77, 87], [78, 86], [79, 85], [80, 332], [91, 104], [92, 103], [93, 102], [94, 101], [95, 100], [252, 267], [253, 266], [254, 265], [300, 324], [302, 322], [303, 321], [304, 320]]"
srp_Lact.lact._AE006305,GGAGCAAUAAGUUUCUUACGAAGCGUGUCAGGACCUGACGGUAGCAGCACUAAGUAUGGAGCUUAUGUGCUCUUUUU,"[[1, 73], [2, 72], [3, 71], [4, 70], [5, 69], [6, 68], [12, 23], [13, 22], [14, 21], [15, 58], [17, 56], [18, 55], [19, 54], [25, 50], [26, 49], [33, 42], [34, 41], [35, 40], [51, 65], [52, 64], [53, 63]]"
tmRNA_Woli.succ._BX571661_1-369,GGGGUCGACUUGGAUUUCGACGGGAGCUAAAUAGCCUCGGUUGCAUGUCGGCAUGGGCACGCCGUAAAACUACCCGCAAUCAAUAAACGCAAACAACGCAAACUACGCUCCCGCUUACGCCAAAGCUGCGUAAGUCUAACUCUUCGGAGCCGUCAAGCCUCACAAUGCUAACUAGUGGGGAUUUGGCGUAACUUUGUUAGCCGCUCUCUCGUCUCAUCCGAAGCGAGGGAAAAGAUUAGGAUUGCCCAUCACUUCCGCCUUGGGGGCUUGAGCAAAGCGAUGGAAAGAGCUUUCAACCCCAUCUAAGCAUGUAGAGACUGGGGUGGGUUUGGCUUUCGGACUGGGGUUCGAUUCCCCACGACUCCACCA,"[[1, 365], [2, 364], [3, 363], [4, 362], [5, 361], [6, 360], [7, 359], [8, 17], [21, 338], [22, 337], [23, 336], [24, 335], [25, 334], [26, 333], [27, 332], [28, 331], [29, 330], [30, 329], [31, 328], [32, 327], [34, 324], [35, 323], [36, 322], [37, 321], [38, 320], [39, 319], [40, 318], [41, 317], [47, 308], [57, 73], [115, 133], [116, 132], [117, 131], [118, 188], [119, 187], [120, 186], [121, 185], [122, 184], [159, 179], [160, 178], [161, 177], [162, 176], [163, 175], [180, 297], [206, 229], [207, 228], [208, 227], [209, 226], [210, 225], [211, 224], [212, 223], [275, 292], [276, 291], [277, 290], [278, 289], [342, 358], [343, 357], [344, 356], [345, 355], [346, 354]]"
grp1_a.I1.b.Phormidium.sp.N182.C3.tLEU,AGAAAACUGAGCCUUAGUGGAGAAAUCCGCUAAGUGGAAGCUCUCAAACUCAGGGAAACCUAAGUCAGCCUCAAUCAGAUACCCCAGGGUUAUGGUUGAGGAGAUAUGGCAAUCCUGAGCCAAGCCGUUUGAUAGCAAUGGCUAUCUGGUUCUUCAAGCGGAAGGUGCAGAGGCCCGACGGAGCUACCCUAACGUCAAGUCGAGGGUAAAGGGAGGGUCCAAUCCUCAAAGCCCGCUGAGGCUCGGAGCAGCGAAAGUUGUGGGAGGGUG,"[[7, 246], [8, 245], [9, 244], [10, 243], [11, 242], [12, 241], [13, 34], [14, 33], [15, 32], [16, 31], [17, 30], [18, 29], [19, 28], [20, 27], [21, 26], [22, 232], [42, 182], [48, 65], [49, 64], [50, 63], [51, 117], [52, 61], [53, 60], [54, 59], [55, 113], [68, 174], [69, 101], [70, 100], [71, 99], [72, 98], [73, 97], [74, 96], [75, 95], [76, 148], [77, 147], [78, 146], [79, 145], [80, 144], [107, 221], [108, 220], [109, 219], [123, 143], [124, 142], [125, 141], [126, 140], [127, 139], [128, 138], [129, 137], [131, 136], [186, 207], [187, 206], [188, 205], [189, 204], [190, 203], [214, 226], [215, 225], [216, 224], [227, 238], [251, 258], [252, 257]]"
grp1_a.I1.c.A.cherimola.C3.tLEU,GAUUGGAUUGAGCCUUGGUAUGGAAACCUACUAAGUGAGAACUUCCAAACUCAGAGAAACCCCGGAAUAAAAAAUGGGCAAUCCUGAGCCAAAUCCUGUGUUCAGAAAACAAGGUUCAGAAAGCGGGAAUCAAAAAAAGGAUAGGUGCAGAGACUCAAUGGAAGCUGUUCUAACAAAUAGAGUUGACUGCAUCGGUAAGGGAAUUCUUUCCUUUUAUCCAAACGACAGAAAGGAUGACCUUGUAUACGUACGUAUACAUACUGAAACAUCAAACGAUUAAUCACGACUCGAAUCGGUUUUUUUUUCUGAAAAAUUUCAGAAUAGAAGGAUUGUGAAUUGAUUCCAAGUUGAAGGAAGAAUCGAAUAUUCAGAGAUCAAAUCAUCCAUUCCCGAGUCUAAUAGAUCUUUUGAAGAACCGAUGAAUCGGACGAGAAUAAAGAUAGAGUCCCGUUCUACAUGUCAAUACAGACAACAAUGAAAUUGAUAGUAAGAGG,"[[1, 9], [2, 8], [3, 7], [11, 116], [12, 115], [13, 114], [15, 34], [16, 33], [17, 32], [18, 31], [19, 30], [20, 29], [22, 27], [39, 170], [40, 169], [41, 168], [43, 163], [44, 162], [45, 161], [46, 160], [50, 88], [51, 87], [52, 86], [53, 85], [54, 84], [56, 82], [61, 78], [62, 77], [63, 76], [64, 75], [94, 355], [95, 354], [112, 240], [113, 239], [123, 451], [124, 450], [125, 449], [126, 448], [127, 389], [128, 388], [138, 407], [139, 406], [141, 404], [142, 403], [152, 447], [153, 446], [154, 445], [155, 444], [156, 443], [165, 180], [166, 179], [167, 178], [203, 235], [204, 234], [205, 233], [206, 232], [207, 231], [208, 230], [209, 229], [211, 228], [241, 258], [242, 257], [243, 256], [244, 255], [245, 254], [246, 253], [247, 252], [275, 294], [276, 293], [277, 292], [278, 291], [295, 361], [296, 360], [297, 359], [304, 321], [305, 320], [306, 319], [307, 318], [308, 317], [309, 316], [310, 315], [344, 353], [454, 489], [463, 481], [464, 480]]"
grp1_a.I1.e.D.parva.C1.SSU.1512,GGUUUCCGUAUAUACCAUUCACUUGCGGAUGAUAGGGGCAGUGAAAAGCUGCUAACCCCUAGUGAGCUCUCCCUACUCCUUUGUACAUAGAGCUCGCAACACCAUCAAAUUGCCGGGACAUCCUGUUCACAUGCUGCUGGUACCUCCAGGCACAGGGAAACCUUGCACUGGAACCAUGGUGAAAGCCGUGGGUAUGGUAAAAAUCUGGCAGCUAGGGACGAUCGGCAGCCAAGCGCUAAGGGAGUCUCAUUUUAACUGAUGAGGCUCUGAAGCGUGCAGUUCACAGACUAAAUGGUGGUGGGUUCCCUUGGGGAGCUUAAGAUAUAGUCGGUCCCCACCGCAAGGUGGGCUCAUGGGAGAAAAGCCUUGUAAGAAGGCUGGAGAGCCCAUGAGCAGCUUGAGCAGUUGUUCUCAAGCUGGGGUAAACGAGAGGUGA,"[[1, 16], [7, 156], [23, 343], [24, 342], [25, 341], [26, 340], [37, 53], [38, 52], [39, 51], [40, 50], [41, 49], [42, 48], [62, 97], [63, 96], [64, 95], [65, 94], [66, 93], [67, 92], [68, 91], [69, 90], [100, 300], [101, 299], [102, 298], [103, 297], [104, 296], [105, 295], [106, 294], [111, 227], [112, 226], [113, 225], [114, 224], [115, 223], [116, 205], [124, 285], [147, 171], [153, 165], [154, 164], [155, 163], [173, 193], [174, 191], [175, 190], [176, 189], [177, 188], [178, 187], [179, 186], [180, 185], [228, 280], [229, 279], [233, 275], [234, 274], [235, 273], [236, 272], [241, 268], [242, 267], [243, 266], [244, 265], [245, 264], [246, 263], [247, 262], [248, 261], [249, 260], [250, 259], [251, 258], [284, 330], [286, 329], [287, 328], [288, 327], [289, 326], [290, 325], [301, 317], [302, 316], [303, 315], [304, 314], [305, 313], [306, 312], [307, 311], [332, 426], [334, 349], [335, 348], [336, 347], [337, 346], [338, 345], [339, 344], [351, 392], [352, 391], [353, 390], [354, 389], [355, 388], [356, 387], [363, 379], [364, 378], [365, 377], [366, 376], [367, 375], [368, 374], [396, 417], [397, 416], [398, 415], [399, 414], [400, 413], [401, 412], [402, 411], [403, 408]]"
tmRNA_Thio.deni._CP000116_1-367,GGGGCCGACCUGGCUUCGACGUGGGUCGCAAAGCAGCGUAGGGCAUACCGAGGGUCAGAGCACCUCGUAAAUCCAACUGAAAAACUUUAGUCGCAAACGACGAAAACUACGCCCUGGCCGCUUAAGGUCCAGGACUCACACUAGCCUGUUCAUGGGCUAGGCCGGGUCAAACCGGCAGUGAGUUAAUUCACAUGAAAUCGCGCUUGUCCGGGUCGCUUGGGCAGGUGCUAAAUCCAAGGCGGCUCGGCGAAAUCCAGCCUGUUCGGCGGGCGUGAUGGAGCUUAAAGCUUAAAAACACCGGACUAAGUAUGUAGAACUGCCUGUAGAGGGCUUGCGGACGCGGGUUCGAUUCCCGCCGGCUCCACCA,"[[1, 363], [2, 362], [3, 361], [4, 360], [5, 359], [6, 358], [7, 357], [20, 336], [21, 335], [22, 334], [23, 333], [24, 332], [25, 331], [26, 330], [27, 329], [39, 319], [40, 318], [41, 317], [44, 311], [45, 310], [46, 309], [47, 308], [48, 307], [49, 67], [50, 66], [51, 65], [52, 64], [53, 63], [87, 104], [90, 101], [91, 100], [92, 99], [113, 133], [114, 132], [115, 131], [116, 130], [117, 129], [118, 127], [119, 126], [141, 160], [142, 159], [143, 158], [144, 157], [145, 156], [146, 155], [147, 154], [161, 176], [163, 174], [164, 173], [165, 172], [178, 191], [179, 190], [180, 189], [181, 188], [182, 187], [200, 228], [201, 227], [202, 226], [203, 225], [204, 224], [205, 223], [206, 222], [207, 221], [208, 220], [209, 219], [210, 218], [212, 243], [214, 241], [215, 240], [216, 239], [217, 238], [257, 271], [258, 270], [259, 269], [260, 268], [278, 290], [279, 289], [280, 288], [281, 287], [282, 286], [340, 356], [341, 355], [342, 354], [343, 353], [344, 352]]"
RNaseP_R.prowazekii,CUAAAUGGUCGUGCAGUUGCGUGAUGAUAAUCACGAGGAAAGUCCGGACUCUAUAGAGGUAUGGUGCCGGUUAACAUCCGGCAGAGUAUUAUUACUUUAGGGCUAGUACCACAGAAAAUAUACCGCCGAGUAUUUCGGUAAGGGUGAAAAGGUGUGGUAAGAGCACACCGGUAAGUUGGCAACAAGUUACGCAUGGUUAACCCCACCAAGAGCAAGAUCAAAUAGGCAUUACAGAAUUUAAAUAUUUAUUUAAGUUCCUGGGUUACCUCUAAUCGGAUUGUAAUGCGGGUAGAUCGCUUGAGGUAAACGGUAACGUUUAUCCUAGAUAAAUAACUGCAAUGAAUUAAUAUUCAUACAGAAUCCGGCUUAUAGACCAGAUGAGCAG,"[[14, 19], [18, 37], [20, 35], [21, 34], [22, 33], [23, 32], [24, 31], [25, 30], [40, 368], [41, 367], [42, 366], [44, 365], [45, 364], [46, 363], [47, 362], [48, 361], [49, 212], [50, 211], [51, 210], [52, 209], [56, 269], [62, 208], [63, 207], [64, 206], [65, 205], [66, 82], [67, 81], [68, 80], [69, 79], [70, 78], [84, 97], [85, 96], [86, 95], [87, 94], [89, 347], [90, 346], [108, 197], [109, 196], [110, 195], [122, 144], [123, 143], [124, 142], [125, 139], [126, 138], [127, 137], [128, 136], [129, 135], [130, 134], [151, 169], [152, 168], [153, 167], [154, 166], [155, 165], [156, 164], [173, 188], [216, 295], [217, 294], [218, 293], [219, 292], [226, 286], [227, 285], [228, 284], [229, 283], [230, 282], [231, 281], [233, 259], [235, 256], [236, 255], [237, 254], [238, 253], [239, 252], [240, 251], [241, 250], [242, 249], [243, 248], [302, 321], [303, 320], [304, 319], [305, 318], [306, 317], [307, 316], [308, 315], [309, 314], [339, 354], [340, 353], [341, 352], [342, 351], [343, 350], [344, 349]]"
tmRNA_Para.symb._BX908798_1-405,GGGGGUGUUACGGUUUCGACUAGGAAGUGAAAAAUUGAUUGCAUGCGGAGGAUAUCGGUUGGCCUCCUAAAAAAACCGGUAAAACAAUAAAUGCUAACAAUAGCAAUAAAAUUGCAAAAGUUGACUUCCAGGAAGGGACUUUUGCUAGAGCUGCGUAAGACCUAACAGUCUUGGUAGCCCGAUAGUCUGAAACUGGACCGAGGGUUUUAGAAUCUAUCGUCAUUUUCUUGGUAUGAAUUCUUUUUCUCGCCGCUUCUAGGGAAAAGUUUUCAAGAUUAAAUGAAGCAAACUAACUUCGAUUGUUGCGUUCUGCAUAGGAGUUAGGGAUUUUACAGAACGAUAAGCAUGUAGUGGUCAAUUCGUAAUUUGCCAAGGACGAGAGUUCAAUUCUCUCCACCUCCAAUU,"[[1, 401], [2, 400], [3, 399], [4, 398], [5, 397], [6, 396], [7, 395], [34, 359], [35, 358], [36, 357], [37, 356], [38, 355], [39, 354], [40, 353], [41, 349], [42, 348], [43, 347], [44, 346], [45, 345], [46, 344], [47, 67], [48, 66], [49, 65], [50, 64], [51, 63], [54, 80], [55, 79], [56, 78], [57, 77], [58, 76], [59, 75], [60, 74], [95, 102], [96, 101], [103, 115], [104, 114], [105, 113], [106, 112], [116, 143], [117, 142], [118, 141], [119, 140], [120, 139], [172, 372], [173, 371], [174, 370], [185, 214], [186, 211], [187, 210], [188, 209], [189, 208], [190, 207], [191, 206], [192, 205], [193, 204], [194, 203], [200, 218], [201, 217], [226, 375], [227, 374], [228, 373], [269, 284], [270, 283], [271, 282], [272, 281], [290, 324], [291, 323], [292, 322], [306, 339], [307, 338], [308, 337], [309, 336], [310, 335], [318, 330], [319, 329], [320, 328], [378, 394], [379, 393], [380, 392], [381, 391], [382, 390]]"
tRNA_tdbR00000053-Bos_taurus-9913-Glu-NUC,GUUCUUGUAGUUGAAUGACAACGAUGGUUUUUCAUAUCAUUAGUCAUGGUUAGAUUCCAUGUAAGAAUACCA,"[[1, 68], [2, 67], [3, 66], [4, 65], [5, 64], [6, 63], [7, 62], [25, 39], [26, 38], [27, 37], [28, 36], [45, 61], [46, 60], [47, 59], [48, 58], [49, 57]]"
RNaseP_Wolbachia-sp,UAGGUGGAAUAAGUAGCUGCUGUUGUGUGAUAAACAUAGCAGAGGAAAGUCCGGGCUCCAAGGAAAAAUAGUGACGGGUAAUGCCCGCCGGAGGUAACUCCAGUUAUAGGGCUACAGAAAAUUACCGCCUAAAAUAUUUUUAGGUAAGGGUGAAAAGGUGUGGUAAGAGCACACCAUGGCAAUGGCAACAUUGGUAGUCGAGUAACCAACACUAGGAGCAAGAUUAAAUAGAAGUAGAUUUUAUGUUUUCCUCAUAUCUACUCGGGUAAAUCGCAUGCGGUAAAUGGUAACAUUUACUCCAGAUAAAUAGCUACAUAAACAGAACUCGGCUUAUAUUUCACCUAGGCG,"[[1, 344], [2, 343], [3, 342], [4, 341], [5, 340], [6, 339], [7, 338], [8, 337], [9, 336], [10, 335], [11, 334], [20, 42], [21, 41], [22, 40], [23, 39], [24, 38], [25, 37], [26, 36], [27, 35], [28, 34], [47, 332], [48, 331], [52, 328], [54, 326], [55, 325], [56, 218], [57, 217], [58, 216], [59, 215], [61, 213], [75, 87], [76, 86], [77, 85], [78, 84], [90, 101], [91, 100], [92, 99], [93, 98], [125, 149], [126, 148], [127, 145], [128, 144], [129, 143], [130, 142], [131, 141], [132, 140], [133, 139], [134, 138], [157, 175], [158, 174], [159, 173], [160, 172], [161, 171], [162, 170], [181, 192], [182, 191], [183, 190], [184, 189], [197, 330], [198, 329], [200, 327], [203, 324], [222, 272], [223, 271], [224, 270], [225, 269], [233, 262], [234, 261], [235, 260], [236, 259], [237, 258], [238, 257], [239, 256], [245, 253], [279, 298], [280, 297], [281, 296], [282, 295], [283, 294], [284, 293], [285, 292], [286, 291]]"
tmRNA_Cyto.hutc._CP000383_1-404,GGGGUCGACAGGAAUUGACAGGUUGAGUGAUUACGUGUGUAAGCAUGCAGGCUCAUGGGAUGAGAGCCUUAAAAGAUAGUUCCGAACAAUAAUUGGCGAAGAAUCUUACGCCAUGGCUGCUUAAUUACGAACUAAGUUUGUAAUAAUGAGCGUUGAGUGGAGCUGUUAAGAACAGCACCCGGCCACAUCUCACACGGCUUCUGUUCUGCGGGCUGUGAACUGAGAUGUCGAACAGCAGGACUAGGGGAGUACAAGUUGCGGGUGCUUCGCGAAAUUAAGUAACUAAGGUUAUAGUUGGGUGCCGGUGACCUGCUACAGCUCGAAAAUGAACAUCCGGCUAAGCAUGUAGAAGAUUCGAUAGUGGCCUUCUCUGGACGAGAGUUCGAAUCUCUCCGACUCCACCA,"[[1, 400], [2, 399], [3, 398], [4, 397], [5, 396], [6, 395], [7, 394], [34, 196], [35, 195], [36, 344], [37, 343], [49, 69], [50, 68], [51, 67], [52, 66], [53, 65], [54, 64], [55, 114], [94, 113], [95, 112], [96, 111], [97, 110], [98, 109], [124, 144], [125, 143], [126, 142], [127, 141], [128, 140], [129, 139], [130, 138], [131, 137], [132, 136], [162, 176], [163, 175], [164, 174], [165, 173], [166, 172], [167, 171], [177, 263], [178, 262], [179, 261], [180, 260], [181, 259], [189, 224], [190, 223], [193, 217], [194, 216], [197, 213], [198, 212], [199, 211], [201, 210], [203, 209], [257, 271], [258, 270], [284, 293], [353, 388], [354, 387], [355, 386], [356, 385], [357, 384], [358, 383], [377, 393], [378, 392], [379, 391], [380, 390], [381, 389]]"
RNaseP_L.acidophilus,GAGGAAAGUCCGGGCCCGCGCAAGCUGAGAUGCUUGUAGUGUUCGUGCUAAGCCCAAUAAGCUUAGGGGCCGUGUAAACGGCUACGGCGGCCAAACGCGCUAAGGCGUCAGCUAUGCGCUAGUAGGUCUGAAAAGUGCCACAGUGACGAAACGAUCAGGGAAACCUGAGCGGUGGAACGGGUAAACCCCGCGAGCGAGUAACCCAAACUUUUGGUAGGGGCGUUUUGCCAAGCAAAUUGAAGCGACGGCAAUACAGCGGUAACGCUGAGAUAGAUGAUGACUGAAGGAGCUUGUGCCUGAACAAGUUCUGGAACAACACACGGCUUAU,"[[6, 326], [7, 325], [8, 324], [10, 323], [11, 322], [12, 321], [19, 295], [22, 35], [23, 34], [24, 33], [25, 32], [43, 193], [44, 192], [45, 191], [46, 190], [47, 189], [49, 65], [50, 64], [51, 63], [52, 62], [66, 85], [68, 83], [69, 82], [70, 81], [71, 80], [72, 79], [73, 78], [74, 319], [104, 120], [105, 112], [106, 111], [135, 186], [136, 185], [137, 182], [138, 181], [139, 180], [152, 171], [155, 168], [156, 167], [157, 166], [158, 165], [159, 164], [202, 219], [203, 218], [204, 217], [207, 215], [208, 214], [211, 231], [212, 230], [213, 229], [254, 267], [255, 266], [256, 265], [257, 264], [258, 263], [287, 308], [288, 307], [289, 306], [290, 305], [291, 304], [292, 303], [293, 302], [294, 301], [297, 310]]"
RNaseP_A.ambivalens,GAGGAAAGUCCCGCCUCCAGAUCAAGGGAAGUCCCGCGAGGGACAAGGGUAGUACCCUUGGCAACUGCACAGAAAACUUACCCCUAAAUAUUCAAUGAGGAUUUGAUUCGACUCUUACCUUGGCGACAAGGUAAGAUAGAUGAAGAGAAUAUUUAGGGGUUGAAACGCAGUCCUUCCCGGAGCAAGUAGGGGGGUCAAUGAGAAUGAUCUGAAGACCUCCCUUGACGCAUAGUCGAAUCCCCCAAAUACAGAAGCGGGCUUA,"[[6, 261], [7, 260], [8, 259], [10, 258], [11, 257], [12, 256], [13, 255], [14, 254], [15, 182], [16, 252], [17, 251], [23, 224], [24, 223], [25, 222], [26, 221], [27, 177], [28, 176], [29, 175], [31, 44], [32, 43], [33, 42], [34, 41], [35, 40], [45, 59], [46, 58], [47, 57], [48, 56], [49, 55], [50, 54], [80, 160], [81, 159], [82, 158], [83, 157], [84, 156], [85, 155], [86, 154], [87, 153], [88, 152], [89, 151], [90, 150], [91, 149], [92, 148], [93, 147], [107, 237], [108, 236], [113, 136], [114, 135], [115, 134], [116, 133], [117, 132], [118, 131], [119, 130], [120, 129], [121, 128], [122, 127], [189, 243], [190, 220], [191, 219], [192, 218], [193, 217], [194, 216], [195, 215], [196, 214], [201, 210], [202, 209], [203, 208]]"
tmRNA_Synt.acid._CP000252_1-356,GGGGGCGUUACGGUUUCGACGGGGAUAGUUGAAGCUGUAGAAGCGUACCGAGGUUCCUACAGGCCUCGUUAAACAGGUAGGAAAACAAUACUCGCAAACGACUACGAGUACGCAUUAGCCGCUUAGUCGGCUAACGUUCUUUCUGAUUUUUCCUGUCGGAUCAGAGGGGGCGUAAUUUCAGGCAGGAUAGUCCUAACCUUUUCCUGUGGGGAACAGGGCGAAAUUCACAUGGGAUAGCAAUCAGUAAAGCCUGCCUUUGGGCGUUACAGAGUGCGAAUGACAAAACAAAGGAUACGUACGUAGAAACUGCAGUGGAAUAUUUUCGGACGCGGGUUCGACUCCCGCCGCCUCCACCA,"[[1, 352], [2, 351], [3, 350], [4, 349], [5, 348], [6, 347], [7, 346], [15, 33], [16, 32], [17, 31], [20, 325], [21, 324], [22, 323], [23, 322], [24, 321], [25, 320], [26, 319], [27, 318], [29, 316], [30, 315], [34, 313], [35, 312], [36, 311], [37, 310], [43, 301], [44, 300], [45, 299], [46, 298], [47, 297], [49, 68], [50, 67], [51, 66], [52, 65], [53, 64], [54, 63], [55, 82], [56, 81], [57, 80], [58, 79], [59, 78], [60, 77], [90, 109], [91, 108], [92, 107], [93, 106], [94, 105], [112, 295], [115, 134], [116, 133], [117, 132], [118, 131], [119, 130], [120, 129], [121, 128], [138, 169], [139, 168], [140, 167], [141, 166], [142, 165], [143, 164], [144, 163], [145, 162], [146, 161], [147, 160], [148, 159], [149, 158], [170, 191], [171, 190], [179, 206], [180, 252], [181, 251], [182, 250], [183, 249], [198, 216], [201, 213], [202, 212], [203, 211], [329, 345], [330, 344], [331, 343], [332, 342], [333, 341]]"
srp_Zygo.roux._BN000170,AGCUGUAAUGGCUCAAUGGUGGAAUUGUACACCUUGGGAUUUCUGACUUUGGUUCAAUCCUCGCAGUCGGACGUAGGUUAGCAUGUCACGUUUCGGCGUGGCAAGGGGUACUCACCUUCCCGUGGGGUCCGCACUGCGCGUCGGCGACAACCGUCAUCCUUCUCUCGCUUCCAGUUGCCGAGGCCGUCAAUCUUGGCGGUCUCAGAGAGAGGGACUCGGGGUUAACGUGUCCCGGUUAUUAUC,"[[1, 13], [2, 12], [3, 11], [4, 10], [14, 36], [18, 33], [19, 32], [20, 31], [21, 30], [45, 68], [46, 67], [47, 66], [84, 103], [85, 102], [86, 101], [87, 100], [88, 99], [89, 98], [90, 97], [91, 96], [107, 130], [108, 129], [111, 126], [114, 123], [115, 122], [147, 175], [151, 174], [177, 197], [178, 196], [179, 195], [180, 194], [181, 193], [182, 192], [183, 200], [184, 199], [185, 198], [201, 211], [217, 234], [218, 233], [219, 232], [220, 231], [221, 230], [222, 229]]"
tmRNA_Jako.libe._TRW-143017_1-102,GGGGAUGAAUUAGUUUAGAUAUUUAAGUAAUCCAUGAAAAUUCAUCAGAAUUUUGUAAUAUUGCUUAGAUAAAACCAUGGGCAGUACAUGGCAUCUCCACCA,"[[1, 98], [2, 97], [3, 96], [4, 95], [5, 94], [6, 93], [7, 92], [15, 26], [32, 80], [33, 79], [37, 54], [38, 53], [39, 52], [40, 51], [41, 50], [42, 49], [43, 48], [60, 85], [61, 84], [77, 89]]"
tRNA_tdbR00000364-Ascaris_suum-6253-Arg-ACG,GGACGUUAAAUAGAUAAGCUAUGCCUAGUUACGGGCUGGGAAGAGAGUCGUCUUCCA,"[[1, 53], [2, 52], [3, 51], [4, 50], [5, 49], [10, 22], [25, 39], [28, 36], [40, 55], [41, 54]]"
RNaseP_V.cholera,AGUUGACUGGGUAGUCGCUGCCUUAUUGACGUCCCUUGGCCUAUCGCCAGGGAGACUGAUAAGGGGGAGGAAAGUCCGGGCUCCAUAGAGCAGGGUGCCAGGUAACGCCUGGGGGGCGCAAGCCUACGACAAGUGCAACAGAGAGCAAACCGCCGAUGGCCUCUCUUCGGGAUGGGAUCAGGUAAGGGUGAAAGGGUGCGGUAAGAGCGCACCGUGCGACUGGCAACAGUUCGUAGCAGGGUAAACUCCACCCGGAGCAAGACCAAAUAGGCCUCCACAUAGCGUUGCUCGCGUUAGGAGGCGGGUAGGUUGCUUGAGCCAGUGAGUGAUUGCUGGCCUAGAGGAAUGGCUACUACCGCGCAAGCGGAACAGAACCCGGCUUAUACGUCGACUCCACCU,"[[1, 393], [2, 392], [3, 391], [4, 390], [5, 389], [6, 388], [7, 387], [32, 53], [33, 52], [34, 51], [35, 50], [37, 49], [38, 48], [39, 47], [40, 46], [66, 160], [72, 382], [73, 381], [74, 380], [76, 379], [77, 378], [78, 377], [79, 376], [80, 375], [81, 257], [82, 256], [83, 255], [84, 254], [93, 253], [94, 252], [95, 251], [96, 250], [97, 249], [98, 112], [99, 111], [100, 110], [101, 109], [102, 108], [113, 127], [114, 125], [115, 124], [116, 123], [117, 122], [128, 248], [129, 247], [133, 246], [134, 245], [135, 242], [136, 241], [150, 187], [151, 186], [152, 183], [153, 182], [154, 181], [157, 180], [158, 179], [161, 175], [195, 213], [196, 212], [197, 211], [198, 210], [199, 209], [200, 208], [202, 355], [214, 237], [215, 235], [216, 234], [217, 233], [218, 232], [219, 230], [220, 229], [221, 228], [222, 227], [261, 311], [262, 310], [263, 309], [264, 308], [271, 302], [272, 301], [273, 300], [274, 299], [275, 298], [276, 297], [280, 296], [281, 295], [282, 294], [283, 293], [284, 292], [285, 291], [318, 337], [319, 336], [320, 335], [321, 334], [322, 333], [323, 332], [324, 331], [325, 330], [356, 367], [357, 366], [358, 365], [359, 364]]"
srp_Babe.bige._GSP-5866,ACCCGGCUUUUGCUGUAACUCUUCUGAGGGGUGCUGGCUUGAACCCAGUGGGCUGUCAUGCUGGCGCGUCCUUGCGCUGGGCUGUCUGGCGCGGGCGGGAGUCGUCCUUGGUGGCCUUCCGUAGGGGAGGCUUCCGGGUCGUUGAAUGCGGCGUACCGCUUCAGGCUGGCAACAGAGCAGAGAUAAGCUUCAGCUUCCGCUACGCGGCAGACCGCAGCCCGCGCUGCUCGCAGUCCAUCAUCGUCAGGCCCCCCACCGGUGAACUUGCCCGCUAUUUUUU,"[[2, 138], [3, 137], [5, 135], [19, 30], [33, 49], [34, 48], [35, 47], [36, 46], [37, 45], [51, 219], [54, 216], [61, 80], [62, 79], [63, 78], [64, 77], [65, 76], [66, 75], [67, 74], [111, 256], [114, 131], [115, 130], [116, 129], [117, 128], [118, 127], [119, 126], [120, 125], [159, 182], [160, 181], [161, 180], [166, 175], [167, 174], [168, 173], [243, 257]]"
grp1_a.I1.e.A.stipitatus.C1.SSU.1046,AUGGGUGAAAGCACUAUUGCCCAUCAUAGCAGCUGUCCACAAAGCAGUCUGCUAGUCGUCGUUGCACCGCUUUGCAAGGCGCAACGCACGGCGAGACCGUCGAAUUGCGGGGACAUCCUUACAGCUCAAGCUACCAACUUGUCGCAGAAAUGCUGGCAAGGGCCGGGGUAAUGACCCAGGGUAUGGUAAAAACGCUUGAGAUUGGAUAAUCCGCAGCCAAGCACCUUACCCGGAUUCAACGUCCGGAAAGGUGAAGGUUCAGAGACUAGGUGGCGGUCGGUCACGAGACGUGGCUUAAGAUAGAGUCCGUUCGCGCUGAAAAGCGUUCGUCGGGAAGAAAGCCUUAGCAAGGCCGGAGCCAGACGAAGGGUAGCCAUUAUUGGCUGCCUCGAGGUACACGGGUGGUGC,"[[1, 24], [2, 23], [3, 22], [4, 21], [5, 20], [6, 19], [7, 18], [27, 54], [28, 53], [32, 48], [33, 47], [34, 46], [35, 45], [36, 44], [78, 343], [79, 342], [80, 341], [87, 323], [95, 278], [96, 277], [97, 276], [98, 275], [99, 274], [100, 273], [106, 215], [107, 214], [108, 213], [109, 212], [110, 211], [111, 210], [116, 206], [117, 205], [118, 204], [125, 200], [126, 199], [127, 198], [128, 197], [129, 196], [130, 195], [131, 194], [133, 187], [134, 186], [135, 185], [136, 184], [138, 160], [166, 177], [167, 176], [168, 175], [169, 174], [181, 229], [182, 228], [218, 256], [222, 253], [223, 252], [224, 251], [225, 250], [226, 249], [227, 248], [230, 246], [231, 245], [232, 244], [233, 243], [234, 242], [265, 306], [266, 305], [267, 304], [279, 295], [280, 294], [281, 293], [282, 292], [283, 291], [284, 290], [328, 365], [329, 364], [330, 363], [331, 362], [368, 389], [369, 388], [370, 387], [371, 386], [372, 385], [373, 384], [374, 383], [375, 382], [376, 381]]"
tRNA_tdbR00000583-Aeropyrum_pernix-56636-Cys-GCA,GCCGGGGUGGCCGAGCGGUCUAAGGCGGCGGGCUGCAGACCCGUUAGUUCCCGGGUUCGAAUCCCGGCCCCGGCUCCA,"[[1, 74], [2, 73], [3, 72], [4, 71], [5, 70], [6, 69], [7, 68], [11, 25], [12, 24], [28, 44], [29, 43], [30, 42], [31, 41], [32, 40], [51, 67], [52, 66], [53, 65], [54, 64], [55, 63]]"
tRNA_tdbR00000518-Saccharomyces_cerevisiae-4932-Ini-CAU,UGCAAUAUGAUGUAAUUGGUUAACAUUUUAGGGUCAUGACCUAAUUAUAUACGUUCAAAUCGUAUUAUUGCUACCA,"[[1, 76], [2, 71], [3, 70], [4, 69], [5, 68], [6, 67], [7, 66], [9, 27], [10, 26], [11, 25], [12, 24], [13, 23], [14, 21], [15, 20], [18, 41], [30, 42], [32, 40], [49, 65], [50, 64], [51, 63], [52, 62], [53, 61]]"
srp_Asco.apis._GSP-392613,AGCUGUCAUGGCCUAAGGGAAAACUGUCCGUCCUACGCUCUUCUUUCGUUGAGUUUAUCUCACCGCGUCGGGUGCCUGGUUCGAAUCCGCGAGUCGCCAUCACACCCGUGUAGGGAACUCUACGGUCGCUGUGUGGCGUUAAGCAAUGAGAAUGAUACUUCAGGGAAGCAAUUCUGCAGAGGCAUUUUCACUUCAUGGAUGGCGGUGCCAGAAUACACUAGACGUCGUAGAUUGCGCUGGUCAGGUUGACUCUUUUUUU,"[[2, 12], [3, 11], [52, 60], [53, 59], [54, 217], [61, 148], [72, 86], [73, 85], [96, 137], [106, 125], [107, 124], [110, 123], [111, 122], [112, 121], [113, 120], [114, 119], [128, 144], [129, 143], [130, 142], [149, 175], [165, 174], [166, 173], [167, 172], [181, 209], [182, 208], [183, 207]]"
RNaseP_S.castellii,AGUUGGAACAGCGACGACUCCUACGACUUAGAGACCUGUUUACACAAGGAGGGUACCCUCCCUCAACCAACAGGUGGGAAAUUCGGUGAAACACAGUGGAAUCAUUCCUUCCAGCCUGGGCUCGCUUCCUUCGGGAAGCUAGGCUCAGGUCUUUCCGUGAGGACAGCCUAGCCGGGGACCGGUCUGCCUGGACGUUGUUAUCAGAAAUUCACACGGGUAACCGUGAUGGGAAAGCAACGAGUGUUUUAUUUGACGGGCUUCUGUUUACACAGUGGUCCAGUCUGUUGAGUGCAAUCGUAGGACAUGCCCUAGGGCUUGAACCCGAUACCGAUUACCGUCCUUGUCCCAACCCUC,"[[1, 353], [2, 350], [3, 349], [4, 348], [5, 347], [6, 346], [7, 344], [20, 301], [21, 300], [22, 299], [23, 298], [24, 297], [25, 296], [33, 151], [34, 75], [35, 74], [36, 73], [37, 72], [38, 71], [39, 70], [40, 69], [45, 343], [46, 342], [48, 61], [49, 60], [50, 59], [51, 58], [52, 57], [83, 331], [84, 330], [85, 329], [86, 328], [87, 327], [88, 326], [98, 112], [116, 148], [117, 147], [118, 146], [119, 145], [120, 144], [122, 141], [124, 139], [125, 138], [126, 137], [127, 136], [128, 135], [129, 134], [143, 167], [152, 165], [193, 239], [194, 238], [195, 237], [196, 236], [197, 235], [212, 225], [213, 224], [214, 223], [215, 222], [216, 221], [257, 276], [259, 274], [261, 272], [262, 271], [263, 270], [264, 269], [312, 323]]"
tmRNA_Sacc.degr._CP000282_1-389,GGGGGCGAUUAGGAUUCGACGCCGGUAACAAAACCCGAAGUGCAUGUCGUGAGGGUAGCCAAUCACGUAAAUCCAAAGCUGCAAAUUAUCAGUUGCCAAUGAUGACAACUACGGUGCUCAACUAGCUGCGUAAGUAGCUUUUUGUUACACCAUCUAGCGGUACGCCGCUAGCGGUUUUUAACAAGGUGCCAGUACCGCGUUAACGACUGUCACUUAGAACUGGAUCGCAGUGAAGCCUGCCUGGGGUGGAUCAGCUAAACUUUUACAGGAUCGCGCUUUUCGUCCCGCCCGCUGGGCUGUAAAGCGUUAAAUCAAUAAGCGGUUCUAAGCAUGUAGAGCUGACGGCGGAGUACUGACGGACGGGGGUUCAAAUCCCCCCGCCUCCACCA,"[[1, 385], [2, 384], [3, 383], [4, 382], [5, 381], [6, 380], [7, 379], [48, 67], [49, 66], [50, 65], [51, 64], [52, 63], [88, 103], [89, 102], [90, 101], [91, 100], [124, 139], [125, 138], [126, 137], [127, 136], [128, 135], [129, 134], [154, 171], [155, 170], [156, 169], [157, 168], [158, 167], [159, 166], [160, 165], [163, 192], [185, 196], [186, 195], [187, 194], [188, 193], [213, 329], [214, 328], [215, 327], [216, 326], [217, 325], [218, 324], [219, 323], [220, 322], [221, 321], [222, 320], [285, 294], [293, 318], [296, 305], [297, 304], [298, 303], [362, 378], [363, 377], [364, 376], [365, 375], [366, 374]]"
grp1_a.I1.e.S.paniceum.UNK.SSU.287,UUUAACGGGUAGAGUUCUACCGUUGCCCGUUAAGUAAGACCGGUUGGAGCGCCGUCUCCAGCAACAUCACUGGUUCAGAGGAUGUUCGCCCCGGCGAGCAGAUUCUGAGGCGAGUUCCAGUUAAGGGACCGUCGCAACGCGUGGCAAGUGAUGGGCCCCUUUGGCUAGGGGCUUCAGGUACAUGCUAGUCCGCUCGAUCGGCUCGAGCUGGAGAUCAACGAACGGGGAAUUAGG,"[[1, 34], [2, 33], [3, 32], [4, 31], [5, 30], [6, 29], [7, 28], [8, 27], [9, 26], [10, 25], [11, 18], [12, 17], [40, 73], [44, 61], [45, 60], [46, 59], [47, 58], [48, 57], [49, 56], [66, 83], [67, 82], [68, 81], [70, 80], [71, 79], [84, 99], [85, 98], [86, 97], [87, 96], [88, 95], [89, 94], [90, 109], [115, 128], [130, 153], [154, 173], [155, 172], [156, 171], [157, 170], [158, 169], [159, 168], [160, 167], [193, 207], [194, 206], [195, 205], [196, 204]]"
tmRNA_Deha.ethe._CP000027_1-352,GGGGACGCGUGGUUUCGACAGGGAAGGUAGGCUACUGGAUUGCAGGCUGAGGUGCCAUCCACCUCAUUAAACAGGUGGCAAAAAACAACUGGCGAACGUGAACUCGUUCUUGCUGGCUAAAUAAGACAGCACAUCCUGCUUGGCCCCACCUCAACGGGUCAGGUUUGGGUGCCGAUUAGUUGAGGUGCCGUUUCCCCAACGCCGAUGAGGGGGACGAAAGAAAUAUCGGCUGGUUUGGCUAAAUUAGGCCGGCAAAAGCUAGCCAGACAAGAUUAAAUAGACGGAUAAUCCUGUAGUAGAUCCUGGGUCACCUUUUCUGGACGGGGAGUUCGACCCUCCCCCGUCUCCACCA,"[[1, 348], [2, 347], [3, 346], [4, 345], [5, 344], [6, 343], [7, 342], [19, 319], [20, 318], [21, 317], [22, 316], [23, 315], [24, 314], [25, 313], [26, 312], [27, 311], [32, 299], [33, 298], [48, 66], [49, 65], [50, 64], [51, 63], [52, 62], [53, 61], [54, 60], [59, 78], [108, 272], [141, 161], [143, 159], [144, 158], [145, 157], [146, 156], [149, 185], [150, 184], [151, 183], [152, 182], [153, 181], [160, 174], [233, 244], [234, 243], [235, 242], [236, 241], [239, 262], [248, 263], [323, 341], [324, 340], [325, 339], [326, 338], [327, 337], [328, 336]]"
tRNA_tdbR00000362-Saccharomyces_cerevisiae-4932-Arg-NCU,GCUCUCUUAGCUUAAUGGUUAAAGCAUAAUACUUCUAAUAUUAAUAUUCCAUGUUCAAAUCAUGGAGAGAGUACCA,"[[1, 72], [2, 71], [3, 70], [4, 69], [5, 68], [6, 67], [7, 29], [10, 25], [11, 24], [12, 23], [13, 22], [48, 66], [49, 65], [50, 64], [51, 63], [52, 62], [53, 61]]"
RNaseP_S.polymorpha,CACGGAAACCACGGUGCCGGAUAACGUCCGGCGGCUUCGGGAAACCGGAGUCAGGGAAAGUGCCACAGAGAGCAGACCGCCAAAGGCUUCGGCCCGGCGAAAGGUGAAAGGGUGCGGUAAGAGCGCACCGCGCGGACGGCAACGGACGCGGCACGGCAAACCCCACCGGGAGCAAGGUCGAAUAGGGAUGGCAAGAGGUGACUCAGGGCUGGUUUCCGGCCCCGCCGUCCGGGUUGACUGCUUGAGCGUCCGGGCAACCGGCCGCCUAGAGGAAUGAUCGCCCAUCCCCUGUCAAAAGGGGUGG,"[[1, 303], [2, 302], [7, 214], [8, 213], [9, 212], [10, 211], [12, 168], [13, 167], [14, 166], [15, 165], [16, 164], [17, 31], [18, 30], [19, 29], [20, 28], [21, 27], [32, 54], [33, 52], [34, 51], [35, 50], [36, 49], [37, 48], [38, 47], [39, 46], [40, 45], [55, 163], [56, 162], [60, 161], [61, 160], [62, 157], [63, 156], [64, 155], [87, 92], [111, 129], [112, 128], [113, 127], [114, 126], [115, 125], [116, 124], [130, 152], [131, 150], [132, 149], [133, 148], [134, 147], [137, 144], [138, 143], [176, 239], [177, 238], [178, 237], [179, 236], [180, 235], [186, 230], [187, 229], [188, 228], [189, 227], [190, 226], [191, 225], [206, 222], [207, 221], [208, 220], [209, 219], [246, 265], [247, 264], [248, 263], [250, 261], [251, 260], [252, 259], [253, 258], [286, 301], [287, 300], [288, 299], [289, 298], [290, 297]]"
RNaseP_M.xanthus,GAGGAAAGUCCGGGCUCCAGAGGGCAGGGUGCUGGCUAACGGCCAGUCGAGGCGACUCGCAGGAAAGUGCCACAGAAAACAGACCGCCCGUUCCGAAAGGGGCGGGUAAGGGUGAAACGGUGCGGUAAGAGCGCACCGCGUCCGGGGUGACUCGGACGGCUCGGUAAACCCCGCCUGGAGCAAGAGCCAAUAGGAGCGCGUCCUCGCCGUACGGAGGACAGGGAUGGCCCGUCCCAUGCGUUCGGGUUGCUCGCUGAUGAGGCCCCUGGGCAACCAGGGCCCUUAGAUGAAUGUUCACCGCCCAUCCCGAAAGGGGUGGGAACAGAAUCCGGCUUA,"[[6, 335], [7, 334], [8, 333], [10, 332], [11, 331], [12, 330], [13, 329], [14, 328], [15, 180], [16, 179], [17, 178], [18, 177], [22, 230], [23, 229], [24, 228], [25, 227], [27, 176], [28, 175], [29, 174], [30, 173], [31, 172], [32, 46], [33, 45], [34, 44], [35, 43], [36, 42], [47, 61], [48, 59], [49, 58], [50, 57], [51, 56], [62, 171], [63, 170], [67, 169], [68, 168], [69, 165], [70, 164], [71, 163], [84, 111], [85, 110], [86, 107], [87, 106], [88, 105], [89, 104], [90, 103], [91, 102], [92, 101], [93, 100], [94, 99], [118, 138], [119, 137], [120, 136], [121, 135], [122, 134], [123, 133], [124, 132], [139, 158], [140, 157], [141, 156], [142, 155], [143, 154], [144, 153], [145, 152], [146, 151], [186, 263], [221, 235], [222, 234], [223, 233], [224, 232], [225, 231], [261, 282], [262, 281], [264, 279], [265, 278], [266, 277], [267, 276], [268, 275], [269, 274], [301, 320], [302, 319], [303, 318], [304, 317], [305, 316], [306, 315], [307, 314], [308, 313]]"
16s_M.polymorpha_domain4,CGAGCUAAGUUUUUGCAAACGCCGUGUGGCUCAUUCUGAAAAGAAUAUGACCAUACAAAGUUUUCAUACGGUAUUCUCCGACGAACGAAGCUCUCAGAGCAUUGUACACUUCACACUGAGGAACUCGAUCUUAGUCAAAAUGA,"[[2, 32], [3, 31], [4, 30], [5, 29], [6, 28], [7, 27], [24, 109], [25, 108], [33, 46], [34, 45], [36, 43], [42, 77], [44, 75], [47, 72], [92, 98], [93, 97], [103, 127]]"
RNaseP_LGB5,GAGGAAAGUCCGGGCUCCACAGGGCAAGAUGGUUGCUAGCGGCAACUGUCCCGCUAGUCGGGAUAAGGAAAGUGCCACAGAAAAGAAAACCCCCGCGUCUUGUGCGCGGGAGAGCUGAAACGGUGGUGUAAGAGACCACCAGCUUCGUCGUGAGGCGAAGGCUUGGUAAACCCCAUCUGGAGCAAGGCCGAAUAGGGGAGGGAUAAAGCUGCCCGCCUACCUCCCGGGUGUCGCCGCUAAAGCCCCACGGCAACGUGGGCGCGUAGAUAGAUGAUCACUCUCGACAGAACCCGGCUUA,"[[6, 297], [7, 296], [8, 295], [10, 294], [11, 293], [12, 292], [13, 291], [14, 290], [15, 182], [16, 181], [17, 180], [18, 179], [23, 213], [24, 212], [25, 211], [27, 178], [28, 177], [29, 176], [30, 175], [31, 174], [32, 46], [33, 45], [34, 44], [35, 43], [37, 56], [38, 55], [39, 54], [47, 65], [48, 64], [49, 63], [50, 62], [51, 61], [52, 60], [53, 59], [67, 173], [68, 172], [72, 171], [73, 170], [74, 167], [75, 166], [76, 165], [90, 112], [92, 110], [93, 109], [94, 108], [95, 107], [96, 106], [97, 105], [98, 104], [122, 140], [123, 139], [124, 138], [125, 137], [126, 136], [127, 135], [141, 163], [142, 162], [143, 160], [144, 159], [145, 158], [146, 157], [147, 156], [148, 155], [149, 154], [244, 259], [245, 258], [246, 257], [247, 256], [248, 255], [249, 254]]"
srp_Cyan.mero._AY286123,GCCCGGAUAUGUACUAGCUAUUUAUAUUGCGAGGACUGGAAAGUUGCAGCAAGAAAUAGUCUGAAAGUGCUAAGUCCGGGUUUUU,"[[1, 81], [2, 80], [3, 79], [4, 78], [5, 77], [6, 76], [7, 75], [8, 74], [11, 70], [12, 69], [22, 55], [27, 52], [28, 51], [29, 50], [30, 49], [34, 45], [35, 44], [36, 43], [37, 42]]"
srp_Chlo.tepi._AE006470,GGAGAGUAAGUCCUAUACAGCAUUCUCUUGCCCAACCAUGUCAGGUCCGGAAGGAAGCAGCAUCCGGUAAUGUGAGUGCGUGAUAUAGUCAGCUUGCUCUCCUUUU,"[[1, 102], [2, 101], [3, 100], [4, 99], [5, 98], [6, 97], [7, 96], [8, 95], [9, 94], [10, 93], [11, 92], [30, 68], [32, 66], [38, 63], [39, 62], [40, 61], [41, 60], [46, 55], [47, 54], [48, 53]]"
tRNA_tdbR00000126-Halocynthia_roretzi-7729-Gly-NCU,GCGUUGAUAGUUUAAGUAAAAUAGAUUCUUUCUAGGUAUAAGUUAGGGUUGGUCCCUUUGAUGCACCA,"[[1, 64], [2, 63], [3, 62], [4, 61]]"
RNaseP_N.olivacea-chloroplast,CUCAAGCAAAGCGAUUGCAGAGCAACUAGAAGAUGCUCUGAGGAAAGUCCGGGCUCCCUAACUAUUCCAGCUGCUGGAUAAUUUCCAGUGUGAUAUAAUCACGAGGAAAGUGCCACAGAAAGAAACCAAUCAAAUCUCCAUCGAAUGGCUCACAAGCUCUAGGAGAUCUUGGAUUGGGUGCAAAUGUAUUCUUGACGUGAGUUAAGCGUCUGGUAUACCCCAGUCGGGAGCAAGAUGAGGUUAGUUUAUAGAGAAUAGACCAUAGACUAAUCUAUUCCAUUGCUCGAGAGGGUUCAUACAGAACUCUCCAAUCAGAUAAUCUCCACACCUCUCAGGACCAAGCUAGAAACCAGUUUGAGCCUCUCGAGAUUUGUACCGAACCCGGCUUAUUUCUUGAG,"[[1, 398], [2, 358], [3, 357], [4, 356], [6, 393], [13, 225], [15, 223], [16, 222], [18, 40], [19, 39], [20, 38], [21, 37], [22, 36], [23, 35], [24, 34], [25, 280], [45, 388], [46, 387], [47, 386], [49, 385], [50, 384], [51, 383], [52, 382], [53, 381], [54, 230], [55, 229], [56, 228], [57, 227], [58, 226], [74, 88], [75, 87], [76, 86], [77, 85], [78, 84], [89, 103], [90, 102], [91, 101], [92, 100], [93, 99], [94, 98], [105, 220], [106, 219], [110, 218], [111, 217], [112, 214], [113, 213], [126, 177], [128, 175], [134, 167], [135, 166], [136, 165], [137, 164], [138, 163], [139, 162], [143, 159], [144, 158], [149, 201], [150, 200], [151, 199], [152, 198], [176, 309], [182, 372], [183, 371], [184, 370], [185, 369], [191, 253], [192, 252], [195, 209], [196, 208], [197, 207], [212, 221], [238, 273], [239, 272], [240, 271], [241, 270], [242, 269], [243, 268], [244, 267], [245, 266], [246, 265], [283, 368], [284, 367], [285, 366], [286, 365], [287, 364], [288, 308], [289, 307], [290, 306], [291, 305], [292, 304], [293, 303], [294, 302], [295, 301]]"
tmRNA_Dich.nodo._TRW-35819_1-352,GGGGGCGUUCUUGGAUUCGACGGGGAUUGCGAGGCUCGAGGUGCAUGUCGAGAAUGAGAGAAUCUCGUUAAAUACUUUCAAAACUUAUAGUUGCAAACGACGACAACUACGCUUUAGCGGCUUAAUUCCCGCUUUCGCUUACCUAGAUUUGUCUGUGGGUUUACCGUAAGCGACAUUAACACAGAAUCGCUGGUUAACGCGUCCGCUGUUAAUCGGUUAAAUUAAGCGGAAUCGCUUGUAAAAUGCCUGAGCGUUGGCUGUUUAUGAGUUAAACCUAAUUAACUGCUCUAAACAUGUAGUACCAAAAGUUAAGGAUUCGCGGACGGGGGUUCAAAUCCCCCCGCCUCCACCA,"[[1, 348], [2, 347], [3, 346], [4, 345], [5, 344], [6, 343], [7, 342], [24, 318], [25, 317], [26, 316], [27, 315], [40, 303], [41, 302], [42, 301], [44, 296], [45, 295], [46, 294], [47, 293], [48, 292], [50, 66], [51, 65], [52, 64], [53, 63], [56, 79], [57, 78], [58, 77], [59, 76], [60, 75], [112, 137], [116, 133], [117, 132], [118, 131], [119, 130], [120, 129], [140, 168], [145, 162], [146, 161], [148, 159], [160, 170], [171, 189], [172, 188], [192, 214], [193, 213], [194, 212], [195, 211], [196, 210], [197, 209], [198, 208], [199, 206], [200, 205], [223, 238], [224, 237], [225, 236], [226, 235], [227, 234], [228, 233], [270, 281], [271, 280], [272, 279], [325, 341], [326, 340], [327, 339], [328, 338], [329, 337]]"
tmRNA_Mora.cata._AX067460_1-359,GGGGAUGUUCUGGCUUCGACGCUGGUAGCGAAACCUAAUGAUGCAUGUCAAGAGCGUGUGACUCUUGUAAAUCAACAUACAUUUAAAAUAGUCGCAAACGACGAAACUUACGCACUAGCAGCUUAAGGGCUGCUUAGGACGGCACAAAUUGCCUUUGGUUUGGUUGCUCUCCUAGAUGCGAAUGCACAAAGGAUAGCCAAAAUUAGCGUUGCGAUGAUUUUGGCGAAAUUCUUAGCAAAUCGUCCAAUCCAUCCUGACUGUCGGUUCGGUGCGGAUUAAAGCCAUAGACAGAAUCUAAGCAUGUAGAUUCAUAGAUGUAGUACUGGCGGACGCGGGUUCGACUCCCGCCAUCUCCACCA,"[[1, 355], [2, 354], [3, 353], [4, 352], [5, 351], [6, 350], [7, 349], [20, 328], [21, 327], [22, 326], [23, 325], [24, 324], [25, 323], [26, 322], [27, 321], [44, 303], [45, 302], [46, 301], [47, 300], [48, 299], [49, 67], [50, 66], [51, 65], [52, 64], [53, 63], [54, 62], [91, 102], [92, 101], [93, 100], [94, 99], [117, 134], [118, 133], [119, 132], [120, 131], [121, 130], [122, 129], [123, 128], [137, 245], [138, 244], [139, 243], [196, 224], [197, 223], [198, 222], [199, 221], [200, 220], [201, 219], [202, 218], [203, 217], [204, 216], [205, 215], [207, 213], [208, 212], [292, 309], [293, 308], [294, 307], [295, 306], [332, 348], [333, 347], [334, 346], [335, 345], [336, 344]]"
tmRNA_Brev.line._TRW-321955_1-377,GGGGAUGAUCGGUUUCGACGUCGGACACUGCGACGGGAGAAGCGGGCCGAGAAUGUAGAGUCAUCUCGUUAAUGUCCUCUGCAAAACAAUAGGUGCUAAGUCUAAUAACCGCACCGAUUUCGCCCUCGCUGCCUGAUUAGGCCGAGCUGCGAAUCCGUCAGUCUAGAGUUGCUUCCACUCUAGGUCCUGGCGUCGCUUAGGGAGCCACUGCUUCAGAUAUUUGUUGAGGGUAUCUGAGGGACUUUUACUCAACUCCGUUCGUUGGUCCACAUGUUCGUGUGAGGGCCAGAACCUAAGAAACUACUUCACGAACUGCGCCCGGAGAAGUCCUGACAAUCUGCCGACGGACGCGGGUUCGAUUCCCGCCAUCUCCACCC,"[[1, 373], [2, 372], [3, 371], [4, 370], [5, 369], [6, 368], [7, 367], [19, 346], [20, 345], [21, 344], [22, 343], [23, 342], [24, 341], [35, 330], [36, 329], [42, 172], [43, 321], [44, 320], [45, 319], [46, 318], [47, 317], [48, 68], [49, 67], [50, 66], [51, 65], [52, 64], [92, 115], [93, 114], [94, 113], [95, 112], [96, 111], [100, 109], [101, 108], [125, 146], [159, 189], [160, 188], [161, 187], [162, 184], [163, 183], [164, 182], [165, 181], [166, 180], [167, 179], [168, 178], [169, 177], [204, 211], [205, 210], [212, 238], [213, 237], [214, 236], [215, 235], [216, 234], [217, 233], [218, 232], [219, 231], [220, 230], [221, 229], [243, 326], [244, 325], [268, 281], [269, 280], [273, 313], [274, 312], [275, 311], [276, 310], [277, 309], [278, 308], [279, 307], [350, 366], [351, 365], [352, 364], [353, 363], [354, 362]]"
srp_Cand.glab._CR380957,AGGCUGUAAUGGCUAUUUAGUGGAAUUGUUCUCCUUGGGAAUUUUGGUCUGGGUUCGAACCCUACGGCCAGACGCGGAGGCACGCCUUUAAUUAUUACACCGUUUCGGUGGGGGCAAAGGAGCAAGCUGGGCUCGCCCAGCCUGUUCCUGCACCGUGACUUCCCGUGAACUGCAGUCGUCUCCCCCCUGUGGGGAAGGCGAGCCACCCAGGGACGUGUCUCGGUUCAUCCAACCAAUCGAUCCUUGCGGGCGUUCGUGGCCCCUGCUGGCGCUGUGAGUAAUCCAGUGUCCUCUAGGGCCGGCAACGUAGCUACGGUCUACCCUCCCUAGGAGGGGGGCCCACCUUCACCGCCGUUAGGGGAGUUUCAUCCAGCGAUGGCAAAGGUGACCCGUGAUGGAGGCGGUCGGGAUGGCACUGGUCCCGUGGUUACCUACCUGCAGUCGCGGUGGCAUUAUCCUGCCCUUCAAUGGGCUUUGGGAUUAUCAAGACCACAAUUUUUUUUU,"[[3, 13], [4, 12], [46, 69], [47, 490], [48, 67], [49, 488], [50, 64], [51, 63], [52, 62], [53, 61], [83, 200], [84, 199], [85, 198], [86, 197], [87, 196], [98, 110], [99, 109], [100, 108], [101, 107], [120, 147], [121, 146], [122, 145], [123, 144], [124, 143], [126, 141], [127, 140], [128, 139], [129, 138], [130, 137], [131, 136], [152, 448], [153, 447], [154, 446], [155, 445], [156, 444], [157, 443], [158, 442], [159, 441], [160, 440], [173, 438], [174, 437], [175, 436], [180, 194], [185, 358], [190, 329], [210, 263], [268, 290], [269, 289], [270, 288], [271, 287], [272, 286], [273, 285], [274, 284], [291, 296], [297, 326], [298, 325], [301, 322], [333, 344], [334, 343], [339, 472], [369, 376], [370, 375], [409, 421], [460, 473], [462, 471]]"
tmRNA_Clav.mich._TRW-31964_1-376,GGGGAUGAUCGGUUUCGACAUUGCCUGAAUGACUGCGAGAAGCGGGUCGAGGAUGCAGGGCUAUCUCGUAAACGCUCUCUGCAAAAUACAACUGCCAAUAACAAGCAGUCGUCCUUUGUUCUCGCUGCCUAAGCGAGCGCACUAACAGGACCGUCGACCCGGUGAUGCUCUCUAUCCGGUAAGUCGGCGUCAGAAAAGGGAGCUCGCUGCGCGGUCGUGCCUCAGGGCCGCGCGGGACUCGAACUGAGGCUGGGCCCGUCGGAUCAGAUGCCAGGAGCAAGUUCCGGGGCCGAGCAGGACGCCUUUCCUGGAUACACCCGUAGAAGGCGCAGGAUUACAGCAGUGGACCGGGGUUCGAUUCCCCGCAUCUCCACCA,"[[1, 372], [2, 371], [3, 370], [4, 369], [5, 368], [6, 367], [7, 366], [19, 345], [20, 344], [21, 343], [22, 342], [23, 341], [24, 340], [43, 320], [44, 319], [45, 318], [46, 317], [47, 316], [48, 68], [49, 67], [50, 66], [51, 65], [52, 64], [54, 83], [55, 82], [56, 81], [57, 80], [91, 109], [92, 108], [93, 107], [94, 106], [95, 105], [111, 300], [112, 299], [113, 298], [114, 297], [115, 296], [118, 140], [119, 139], [121, 137], [122, 136], [123, 135], [124, 134], [125, 133], [159, 179], [167, 203], [168, 202], [169, 201], [170, 200], [171, 199], [172, 198], [173, 197], [207, 235], [208, 234], [209, 233], [210, 232], [211, 231], [212, 230], [213, 229], [214, 228], [215, 227], [216, 226], [221, 248], [222, 247], [223, 246], [224, 245], [256, 288], [272, 310], [273, 309], [274, 308], [275, 307], [276, 306], [277, 282], [301, 328], [302, 327], [303, 326], [304, 325], [305, 324], [349, 365], [350, 364], [351, 363], [352, 362], [353, 361]]"
grp1_a.I1.m.S.luteus.A1.LSU.2504,CGAUAGUUUAAAUGUCGCUUAAAUUAGAAAUAAUUUAUUAUGAAAAAUUGGGUUAAUUUUAAGAAAGUCUCUAAAAUUAUAAUUAUUUAUAAACUAUUUAAAAAAUAUUUUUAUUAUUUAUUUAAUUAUAAUAGAGAAAACUUGAAGCGAAGCUAGUUUAGGCAUAAAAUAAAUUAAACUAGAACGUUCAACGACUAGUAGGUGAGUGCAAAAUGUCCACAAUAAUCCUACCACGAAAGCCCAACAACUACAAAUUAAAAAUAAAAAUAUAAAAUUUAGUUGAUGACAUAGUCUGAUCCUAUUUGUGAAAAUAGGAAGCUUAUAAUAAAGAAUUUAAGCUAAUAACAUAAUGGUCGACUUAUCCUAUCCUCCG,"[[2, 368], [3, 367], [4, 366], [5, 365], [6, 364], [21, 36], [22, 35], [23, 34], [37, 351], [38, 350], [39, 349], [40, 348], [41, 347], [42, 346], [46, 58], [68, 137], [69, 136], [70, 135], [71, 134], [72, 133], [78, 130], [79, 129], [80, 128], [81, 127], [82, 126], [83, 125], [84, 124], [85, 123], [114, 131], [154, 181], [155, 180], [156, 179], [157, 178], [194, 292], [201, 228], [202, 227], [284, 296], [297, 316], [298, 315], [299, 314], [300, 313], [301, 312], [302, 311], [303, 310], [304, 309]]"
srp_Rick.typh._AE017197,CAGAGGGUAAUAUGAGCAAAGGCCUUGUGAAGUCGGUCAGGUUAGGAAUAAAGCAGCCGUAGCAUUGUCCCUUUGGGUUGUAUUGCCCAUUUUUUAUU,"[[2, 91], [3, 90], [5, 88], [6, 87], [7, 86], [8, 85], [9, 84], [10, 83], [11, 82], [12, 81], [13, 80], [14, 79], [17, 75], [18, 74], [19, 73], [20, 72], [21, 71], [22, 70], [35, 58], [37, 56], [42, 51], [43, 50], [44, 49]]"
srp_Porp.purp._U38804,ACUCGGGAAAUACGUUAUUAAUAGCUUAAACUUGUCAGGACUGGAAAGUAGCAGCAAUUCAGCUUAAUUACAUAAGGUGUUUUCCGGGUUUU,"[[1, 89], [2, 88], [3, 87], [4, 86], [5, 85], [6, 84], [7, 83], [8, 82], [9, 81], [10, 80], [11, 79], [12, 78], [13, 77], [32, 57], [33, 56], [34, 55], [35, 54], [40, 49], [41, 48], [42, 47], [63, 76]]"
tmRNA_Magn.spec._CP000471_1-366,GGGGGUGAACUGGCUUCGACGGGGUGUGGAACGGUUAGCAAGGCGACUCGGAAUGGUACCUACGUACAGGACCAAACUUUACAAUUGCCAAUGACGAGCACUACGCUCCGGCUUUUGCAGCUGCAUAAAGUAGUUGUACAAAGCGGGGUCUGAACCCGGGCCCGGCAACAGAAGCUUUUAGCGGGGUUAAGCCGGAACUGUGUAGGCCGGUGUAAAUCCAGGGACACCCAGUUCUCCGAGGUAACGGGGGCUAUGUGGUCAGCCAGCCUGAGACGCCACAAAGCAGUAGGGUUGGCAAAAUGGUCGUGAUUCCUUCUAGCUUAAUACAUAUUUCGGACCGGGGUUCGACUCCCCGCACCUCCACCA,"[[1, 362], [2, 361], [3, 360], [4, 359], [5, 358], [6, 357], [7, 356], [20, 335], [57, 66], [58, 65], [59, 64], [80, 138], [81, 137], [82, 136], [83, 135], [84, 134], [85, 133], [86, 132], [87, 131], [88, 130], [97, 107], [99, 105], [109, 194], [110, 193], [112, 191], [113, 190], [114, 189], [144, 158], [146, 163], [147, 162], [148, 161], [235, 248], [236, 247], [237, 246], [238, 245], [264, 294], [273, 287], [274, 286], [275, 284], [276, 283], [339, 355], [340, 354], [341, 353], [342, 352], [343, 351]]"
tmRNA_Chlo.aura._AY040836_1-361,GGGGAUGCUCUGGUUUCGACAGGGAGUGAACGCCGUAGACUGCAGGUCGUGCCGCCCAGUCACGUAAAAGGGGCAAGGCAACAACUGCCAACACCAACACUCGGGCCCAGGCUCGCCUGGCCCUCGCCGCUUAAUAAUAGCGGCGCGCUCGCCGUAGCUCCCCCGAUGGUUACGGGUCGAGCGUCAGCAGUCGGGUGCUCCGGUAACGCCUGCCUGAGCGUUAUCGGCUAAGAGAUCAGGCUGGCCCAACGGUCGCUUUGCCACUCGUGCGACUGCGGGUGAGAUGAAACGAGGGGCUAAACCUGUAGAUGUCUGCGGUCUAGCUUUCUGGACGGGGGUUCGACUCCCCCCAUCUCCACCA,"[[1, 357], [2, 356], [3, 355], [4, 354], [5, 353], [6, 352], [7, 351], [8, 24], [20, 330], [21, 329], [22, 328], [34, 317], [35, 316], [36, 315], [37, 314], [38, 313], [39, 312], [40, 311], [41, 58], [42, 306], [43, 305], [44, 304], [45, 303], [46, 302], [47, 301], [49, 63], [50, 62], [51, 61], [79, 87], [80, 86], [111, 116], [128, 142], [129, 141], [130, 140], [131, 139], [144, 151], [155, 172], [156, 171], [203, 224], [204, 223], [205, 222], [206, 221], [207, 220], [208, 219], [209, 218], [214, 232], [215, 231], [250, 293], [334, 350], [335, 349], [336, 348], [337, 347], [338, 346]]"
tmRNA_Coxi.burn._AE016828_1-360,GGGGGCGACCAGGCUUCGACGUGGAUCCUGAAACCCGAGACGCAUGUCGAGCCGGCAACGAAGGCUCGUAAAUCCAUCAGUUGCAAACAGAUAGUUGCAAACGAUAGUAAUUAUCUCCAAGAAGCUUACGCAUAAAGCUUCUUCCGUUGCUGGGAUUCGCUUAUAGAUCCCUACCAACGGCCAUAGCAUAUAAGCUCGCCCUCAAGCAUGGCUCAUGACUUGAAGGUUAAACAGAAGAGCUCGCAGUCAAUUUCCCCUGCACGUCGGGCGAUUGACUGUUAAAUCAUAGACGAUGCUAAGCAUGUAGUGUCAACGGCGGAUGAUUUACGGACGCGGGUUCAAUUCCCGCCGCCUCCAUCA,"[[1, 356], [2, 355], [3, 354], [4, 353], [5, 352], [6, 351], [7, 350], [20, 329], [21, 328], [22, 327], [23, 326], [24, 325], [25, 324], [26, 323], [27, 322], [35, 316], [39, 311], [40, 310], [41, 309], [42, 308], [43, 307], [48, 68], [49, 67], [50, 66], [51, 65], [52, 64], [53, 63], [54, 151], [55, 150], [56, 149], [78, 90], [80, 88], [91, 114], [92, 113], [93, 112], [94, 111], [95, 110], [96, 109], [97, 108], [98, 107], [119, 143], [120, 142], [121, 141], [122, 140], [123, 139], [124, 138], [125, 137], [126, 136], [127, 135], [144, 180], [145, 179], [146, 178], [147, 177], [148, 176], [152, 171], [153, 170], [154, 169], [155, 168], [156, 167], [157, 166], [163, 191], [164, 190], [202, 223], [203, 222], [204, 221], [205, 220], [206, 219], [207, 217], [208, 216], [209, 215], [210, 214], [255, 268], [256, 267], [257, 266], [333, 349], [334, 348], [335, 347], [336, 346], [337, 345]]"
tmRNA_Grac.tenu._AY673996_1-396,GGGACUGCAAGGUUUCUACAUAUAGUAUACAAUAUACAUUGUCAUUAAUAUAACUUUAUUACUAUUAGUAAAUGCUAAAAAUAAUAUAUUAACUUUAUCUAGAAGAUUAAUUUAUGCUUAAACUUUUUGAAAUAAAAGAUUAAGCAGUUACAGAUUGUUACUAGAACUCAAAUAAUAUAAGCCAUAUAGUUAUUUGAUAUAUUGAAUUUGGUUGCUCUUAAAUUAGUCUUAAUCAAAGAAUUAAUUUUAAGAUAAGUAAGAAAUCAUUACAACAUCAAAUCGUAUUUUUUAGAUUACAUCUAUAAUAUAUUACUUAUAAUAUAUUAUUUCUAAUGUAAUUAGACGAUAUAUAGUAUAUUAUUAUGGACGUGGGUUCAAUUCCCACCAGUUCCAUAC,"[[1, 392], [2, 391], [3, 390], [4, 389], [5, 388], [6, 387], [7, 386], [19, 365], [29, 42], [31, 40], [32, 39], [33, 38], [41, 344], [80, 328], [81, 327], [82, 326], [83, 325], [84, 358], [85, 357], [86, 356], [95, 255], [97, 294], [98, 293], [99, 292], [100, 291], [101, 290], [102, 289], [103, 288], [104, 287], [116, 145], [117, 144], [118, 143], [119, 142], [120, 141], [121, 140], [123, 138], [124, 137], [125, 136], [126, 135], [127, 134], [128, 133], [170, 195], [171, 194], [172, 193], [173, 192], [174, 191], [176, 188], [177, 187], [178, 186], [179, 185], [219, 249], [220, 248], [221, 247], [222, 246], [295, 337], [296, 336], [297, 335], [305, 324], [306, 323], [307, 322], [308, 321], [309, 320], [310, 319], [311, 318], [312, 317], [329, 343], [330, 342], [331, 341], [332, 340], [333, 339], [334, 338], [369, 385], [370, 384], [371, 383], [372, 382], [373, 381]]"
srp_Clav.lusi._GSP-306902,UUGCUGUGAUGGCAUUUGGCAGAAGCGCGCUAACCGCGCCCUUUGCGAUGCUUGUUACAGGAGAAGUGUCCGGUUCGAUCCCUGCGUGGGUUAUCCACGGCGGAAGCGGCUUGAGUAAUCAGCCUUCGACCGCCAGCUAACAAGCAGGCUUAAACCCGGAGGGAAGCAAUUCAGCACGGGGACCUGUCCGUGGGGAGGCGAAACGGAUGGCACAUCUUCUGGCUUUGGCAAGUAUUGUAUGGGGCCUAGUGAUGCGACUCCACAGGAUUUUUUU,"[[2, 14], [3, 13], [4, 12], [25, 39], [26, 38], [27, 37], [28, 36], [29, 35], [49, 234], [50, 233], [51, 232], [52, 231], [62, 220], [63, 219], [75, 206], [80, 195], [81, 194], [82, 193], [85, 99], [86, 98], [87, 97], [88, 96], [89, 95], [155, 180], [158, 177], [163, 172], [164, 171], [165, 170], [189, 205], [190, 204], [191, 203], [208, 214], [229, 237], [230, 236], [241, 261], [242, 260], [243, 259], [244, 258]]"
tRNA_tdbR00000019-Mycoplasma_capricolum-2095-Cys-GCA,GGCAACAUGGCCAAGCGGCUAAGGCAUGGGUCUGCAACACCCUGAUCAUCGGUUCGAAUCCGAUUGUUGCCUCCA,"[[1, 71], [2, 70], [3, 69], [4, 68], [5, 67], [6, 66], [7, 65], [10, 25], [11, 24], [12, 23], [28, 42], [30, 40], [31, 39], [48, 64], [49, 63], [50, 62], [51, 61], [52, 60]]"
16s_C.reinhardtii.mito_domain2,CCCCCAAGCACGUGCCAGAAGGGUCGGUAAAACGUGCGGUGUCAGUAUAAAGCGUCUUGACUAGGCAGGCAGCGCGUCUGAGCGUUAAUGGUGAACACUUUAAACGUUGGGUAAUAUUCGGAGGAUCGGUCAAAUGAGAAUAUUCCGGAUGGAAAGCCGAAGGCGAAAGCACCAACAUCAGAGUCACUAAAGCUUCAACGCGUAAGUUUGGGUAGCGAACCGGAUUAGAGACCCGCAGUAGUCCAAACCGUCAACA,"[[8, 37], [9, 36], [10, 35], [11, 34], [12, 33], [13, 32], [72, 85], [73, 84], [74, 83], [75, 82], [81, 194], [86, 103], [92, 97], [114, 143], [115, 142], [116, 141], [216, 241]]"
RNaseP_H.chlorum-partial,GAAUUCAACGUAUAAACGAGACACAUGCAUAUAUUUUGUUAUGUGUAGACAGAUGGUUACCACCAACGAUCCAGUGUAACUAGUGCACGUGAUGAGUACAAUGGAACAGAACCCGGCUUA,"[[27, 46], [33, 40], [39, 92], [41, 90], [42, 89], [43, 88], [44, 87], [45, 86], [56, 80], [57, 79], [58, 78], [59, 77], [60, 76]]"
5s_uncultured-euryarchaeote-37F11-1,GAUGGGUGCACGGUCAUAGCGGUGGAGUUUACCCGGUCUCAUCCCGAACCCGGAAGUCAAGCCCUCCUGCGUCUGUCCCAAUACUGUGGUACGAGAGUCCACGGGAACGGCGGUCACUGUGC,"[[5, 118], [6, 117], [7, 116], [34, 52], [35, 51], [36, 50], [85, 103], [86, 102], [87, 101], [88, 100], [89, 99]]"
grp1_a.I1.e.D.parva.C1.SSU.943,ACCAGGCGUUAAAAAGCAGACUCAGCGCCUAAGAGUCAGUGGGAAACCAUUGGCUAGUGCUUGGGUUUCAUUACUCAAGUGCAACACUGAUCAAAUUGCGGGAAAGCCCUAAAGCUUUGCUAACCAAGCUAAGUGUGAAAGCACUCAGUGGCCGGGUUAAAGACCUCGGGUAUGGUAAAAUCAGCAAAGAUGCAACAAUGGGCAAUCCGCAGCCAAGCUCCUGAAGCCUUAUAGGCAAUGGAGAAGGUUCAGAGACUAAAUGGCAGUGGGCCAACUUGUUGGCUUAAGAUAUAGUCCGUCCCAGCUGAAAGGCUGUCUGCUAGAGGAAGACCUUUCUAGGUCUGAGAGCUAGUAGAGGGUAGGAGAAGUCUCUCCUACCUGGAGGAAACGGGAGCC,"[[4, 30], [5, 29], [6, 28], [7, 27], [8, 26], [9, 25], [19, 37], [20, 36], [21, 35], [22, 34], [23, 33], [31, 232], [38, 88], [39, 87], [40, 49], [41, 48], [42, 47], [43, 69], [44, 68], [45, 67], [57, 82], [58, 81], [59, 80], [60, 79], [61, 78], [62, 77], [63, 76], [64, 75], [65, 74], [66, 73], [86, 267], [97, 211], [98, 210], [99, 209], [100, 208], [101, 207], [102, 206], [106, 203], [107, 202], [108, 201], [109, 200], [115, 189], [116, 188], [117, 187], [118, 186], [119, 185], [120, 184], [121, 183], [123, 176], [124, 175], [128, 149], [129, 148], [130, 147], [132, 145], [133, 144], [134, 143], [135, 142], [136, 141], [152, 169], [153, 168], [154, 167], [155, 165], [156, 164], [157, 163], [191, 197], [192, 196], [212, 248], [213, 247], [214, 246], [218, 243], [219, 242], [220, 241], [221, 240], [226, 236], [227, 235], [252, 297], [254, 296], [255, 295], [256, 294], [257, 293], [258, 292], [268, 285], [269, 284], [270, 283], [271, 282], [272, 281], [273, 280], [274, 279], [302, 315], [303, 314], [304, 313], [305, 312], [306, 311], [317, 355], [318, 354], [319, 353], [320, 352], [328, 343], [329, 342], [330, 341], [331, 340], [332, 339], [333, 338], [358, 379], [359, 378], [360, 377], [361, 376], [362, 375], [363, 374], [364, 373], [365, 372], [366, 371]]"
RNaseP_M.jannaschii,AGGGGGCUGGUGACUUUCCCCUCUUUAAGAGGGGAGGAAGUUCCGCCCACCCCAUUUAUGGGCAGCGUCCCCUGAGAAGGGGCGGGAGAUGCAGCAGAAACGACACGGCUCCGGAAGAGAUGACGAUGAUAGUGAAAGUUGAGGACUUCCGGAGAACCGGUGAAACGGGCAUCUCCCCUGCCCGGGGUGCAAGCCGGUUUCGGCGCUUAGCCGAAUGUCACCGAAAUUACAGAAGGCGGGCUAUAGCCCCCA,"[[2, 251], [3, 250], [4, 249], [5, 248], [6, 247], [7, 246], [8, 245], [13, 41], [14, 40], [15, 39], [16, 38], [17, 35], [18, 34], [19, 33], [20, 32], [21, 31], [22, 30], [23, 29], [24, 28], [45, 237], [46, 62], [47, 235], [48, 60], [49, 59], [66, 84], [67, 83], [69, 82], [70, 81], [71, 80], [72, 79], [73, 78], [87, 174], [88, 173], [89, 172], [90, 171], [91, 170], [106, 159], [107, 158], [109, 154], [110, 153], [111, 152], [112, 151], [113, 150], [114, 149], [115, 148], [116, 147], [117, 146], [156, 198], [157, 197], [166, 184], [167, 183], [168, 182], [169, 181], [199, 215], [200, 214], [201, 213], [202, 212], [203, 211]]"
23s_H.pylori_domain6,AGGAAAGUUGAGGAGAGCUGUCCCUAGUACGAGAGGACCGGGAUGGACGUGUCACUGGUGCACCAGUUGUCUGCCAAGAGCAUCGCUGGGUAGCACACACGGAUGUGAUAACUGCUGAAAGCAUCUAAGCAGGAACCAACUCCAAGAUAAACUUUCCCUGAAGCUCGCACAAAGACUAUGUGCUUGAUAGGGUAGAUGUGUGAGCGCAGUAAUGCGUUUAGCUGACUACUACUAAUAGAGCG,"[[3, 23], [7, 152], [8, 151], [55, 66], [56, 65], [57, 64], [61, 93], [63, 89], [112, 132], [113, 131], [114, 130], [115, 129], [116, 128], [201, 220], [202, 219], [203, 218], [204, 217], [205, 216], [206, 215], [207, 214], [208, 213]]"
grp1_a.I1.c.S.bicolor.C3.tLEU,GCUACGGACUUGAUUGUAUUGAGCCUUGGUAUGGAAACCUGCUAAGUGGUAACUUCCAAAUUCAGAGAAACCCUGGAAUGAAAAAUGGGCAAUCCUGAGCCAAAUCCACUUUUUUCAAAAAAGUGGUUCUCAAACUAGAACCCAAAGGAAAAGGAUAGGUGCAGAGACUCAAUGGAAGCUGUUCUAACGAAUCGAAGUAAUAACGAUUAAUCACAGAACCCAUAUUAUAAUAUAGGUUCUUUAUUUUAUUUUGAGAAUGAAAUUAGGAAUGAUUAUGAAAUAGAAAAUUCAUAAUUUUUUUAGAAUUAUUGUGAAUCUAUUCCAAUCGAAUAUUGAGUAAUCAAAUCCUUCAAUUCAUUGUUUUCGAGAUCUUUUAAAAAGUGGAUUAAUCGGACGAGGAUAAAGAGAGAGUCCCAUUCUACAUGUCAAUACUGACAACAAUGAAAUUUCUAGUAAAAGGAAAAUCCGUCGACUUUAUAAGUCGUGAGGGUUCAAGUCCCUCUAUCCCCA,"[[8, 497], [10, 495], [54, 177], [55, 176], [56, 175], [57, 174], [58, 173], [62, 98], [63, 97], [64, 96], [65, 95], [70, 491], [85, 417], [86, 416], [87, 415], [88, 414], [103, 387], [104, 386], [105, 385], [106, 384], [107, 383], [108, 382], [109, 381], [110, 380], [111, 121], [112, 120], [113, 119], [114, 118], [126, 141], [127, 140], [128, 139], [129, 138], [130, 137], [166, 413], [167, 412], [168, 411], [169, 410], [170, 409], [171, 334], [172, 333], [182, 191], [183, 190], [184, 189], [204, 392], [205, 391], [206, 390], [215, 240], [216, 239], [217, 238], [218, 237], [219, 236], [220, 235], [222, 233], [223, 232], [224, 231], [225, 230], [271, 342], [272, 341], [273, 340], [275, 292], [276, 291], [277, 290], [278, 289], [279, 288], [293, 307], [294, 306], [295, 305], [296, 304], [297, 303], [298, 302], [354, 445], [355, 444], [356, 443], [357, 442], [358, 441], [359, 440], [360, 439], [361, 438], [424, 437], [425, 436], [426, 435], [427, 434], [447, 463], [448, 462], [449, 461], [470, 484], [471, 483], [472, 482], [473, 481], [486, 502], [487, 501], [488, 500], [489, 499], [490, 498]]"
RNaseP_M.fervidus,GAGGAAAGUCCAGCCAUCACCCUAAACCCCGGUGCCGCAAGGCAUCGGCCGAGAGGCCGGACCCUGGCGCAGAAACGACACGUCUCCCGAUGGAUGAUAAUGAGGCCCCAAUUAAAGGGGUUGAUUGACAUCGGGAGGAUCGGUGAAACGGCCAAUCCGGGGGAUGCAAGGGUGAAAAUCUGCCAAUGAUAUGAGGCAGAGAUUGCCCGCUUAGAUGAAUGCUGCCUAAACAGAAGGUGGCUUA,"[[6, 243], [7, 242], [8, 241], [10, 240], [11, 239], [12, 238], [22, 170], [23, 169], [27, 162], [28, 161], [30, 47], [31, 46], [32, 45], [33, 44], [34, 43], [35, 42], [36, 41], [48, 57], [49, 56], [50, 55], [65, 154], [66, 153], [81, 142], [84, 137], [85, 136], [86, 135], [87, 134], [88, 133], [89, 132], [90, 131], [91, 130], [92, 129], [105, 121], [106, 120], [107, 119], [108, 118], [109, 117], [178, 190], [179, 189], [180, 199], [181, 198], [182, 197], [183, 196], [184, 195]]"
RNaseP_R.norvegicus,CCACGCGCUGAGUGCUCGUCACUCUCUCGGCCCCUGGGAAGGUCUGAGACUGGGGCCUCCCGCCGCCCUAACCGGGCUCUCCCCGAGUGGGGAGGUGAGUUCCCAGAGAGCAGGGCUCCACGCGUGGGCAGACUGGGCAGGAGAAGCCCCCGGGUGGGCGGAUGCCUCCCUCGCCGGGGCUUGGAACAGACUCACGGCCAGCAAUUCGAGUUCAAUGGCUGAGGUGAGGCACCUCGCGGGCCUCAUAACCCAAUUCA,"[[1, 127], [2, 126], [3, 125], [4, 124], [5, 123], [6, 122], [7, 121], [10, 24], [11, 23], [12, 22], [13, 21], [14, 116], [15, 115], [16, 114], [17, 113], [18, 207], [59, 76], [60, 75], [61, 74], [62, 73], [79, 94], [80, 93], [81, 92], [82, 91], [83, 90], [84, 89], [88, 105], [128, 147], [145, 181], [150, 177], [164, 180], [198, 218], [199, 217], [221, 235], [222, 234], [223, 233], [224, 232], [225, 245], [226, 244], [227, 243], [228, 242], [229, 241], [230, 240], [238, 251]]"
srp_Dich.nodo._CP000513,GGGAUGUUAUCAAAUUAUUCAUAAUAAUUUUUAAAAAAUCGGUCAGAUCUGGAAAGAAGCAGCCGUAAUAAAAACUACGAUGGGUAUUUUUGUUUAGCAUCCCGAUA,"[[1, 103], [2, 102], [3, 101], [4, 100], [5, 99], [6, 98], [7, 97], [8, 96], [48, 57], [49, 56], [50, 55]]"
tmRNA_Ther.comm._TRW-289377_1-355,GGGGGCGAAAAGGGCUCGACGGGGAUAGGUAGGAUUAAACAGCAGGCCGUGGUCGCACCCAACCACGUUAAAUAGGGUGCAAAAACACAACUGCCAACGAAUACGCCUACGCUUUGGCAGCCUAAGCGUGCUGCCACGCACCUUUAGACCUUGCCUGUGGGUCUAAAGGUGUGUGACCUAACAGGCUUUGGGAGGCUUAAUCGGUGGGGUUAAGCCUCCCGAGAUUACAUCCCACCUGGUAGGGUUGCUUGGUGCCUGUGACAAGCACCCUACGAGAUUUUCCCACAGGCUAAGCCUGUAGCGGUUUAAUCUGAACUAUCUCCGGACGCGGGUUCGAUUCCCGCCGCCUCCACCA,"[[1, 351], [2, 350], [3, 349], [4, 348], [5, 347], [6, 346], [7, 345], [20, 324], [21, 323], [22, 322], [23, 321], [24, 320], [25, 319], [26, 318], [27, 317], [28, 316], [30, 314], [32, 312], [33, 311], [34, 310], [35, 309], [36, 308], [37, 307], [38, 306], [39, 305], [40, 304], [42, 302], [48, 67], [49, 66], [50, 65], [52, 63], [53, 261], [56, 79], [68, 126], [74, 271], [75, 270], [76, 269], [77, 268], [78, 267], [110, 128], [113, 125], [117, 134], [118, 133], [119, 132], [135, 175], [136, 174], [137, 173], [138, 172], [139, 171], [140, 170], [141, 169], [142, 168], [143, 167], [144, 166], [145, 165], [146, 164], [147, 163], [148, 162], [149, 161], [150, 160], [151, 159], [153, 290], [154, 289], [158, 285], [181, 259], [182, 258], [183, 257], [184, 256], [187, 223], [188, 222], [189, 221], [190, 220], [191, 219], [192, 218], [193, 217], [194, 216], [195, 215], [196, 214], [197, 213], [198, 212], [199, 211], [200, 210], [201, 209], [202, 208], [240, 272], [247, 266], [248, 265], [249, 264], [250, 263], [251, 262], [286, 298], [287, 297], [288, 296], [328, 344], [329, 343], [330, 342], [331, 341], [332, 340]]"
tmRNA_envi.sequ._TRW-2-1_1-365,GGGGCUGACAGGAAUCGACAGUAGAGUGUAUCAUGUCAGUAAGCAUGCCGGGGAAUGGUGGUUUACCCCGUUAUCAAAUGAUUACCGACCAAUAAUUGGCGAAACUCGUUUCGCGUUGGCUGCCUAAUUCAAGGAAUUAGCGUGCCUUCAUGCUAAGGGUUUGAUAUCUGCUAAAACCCGGUGCAUUCAUCAAUGCAGGUUAAGCCAAAGGGAUGUCCCGACCGGAGGCCGACAAUCCAGGGAACCGGAUGUCAUCACGUUGUUGCAGUACCAGAUGGCAUCUUAAAUCCGAUCUGCAAAUAAGCAUGUAGAAAGCUGAUGUGGGCUUUAGCUGGACGGGGGUUCAAUUCCCCCCGGCUCCACCA,"[[1, 361], [2, 360], [3, 359], [4, 358], [5, 357], [6, 356], [7, 355], [29, 166], [30, 165], [31, 164], [36, 319], [37, 318], [38, 317], [39, 316], [40, 315], [43, 309], [44, 308], [45, 307], [46, 306], [47, 305], [48, 304], [49, 70], [50, 69], [51, 68], [52, 67], [53, 66], [55, 64], [75, 80], [99, 114], [100, 113], [101, 112], [102, 111], [103, 110], [104, 109], [137, 156], [138, 155], [139, 154], [140, 153], [141, 152], [142, 151], [182, 197], [183, 196], [184, 195], [185, 194], [186, 193], [187, 192], [224, 238], [247, 290], [248, 282], [249, 281], [250, 280], [251, 279], [252, 278], [253, 277], [254, 276], [255, 275], [256, 274], [312, 329], [313, 328], [314, 327], [338, 354], [339, 353], [340, 352], [341, 351], [342, 350]]"
tmRNA_Cyan.cald._AF022186_1-254,GGGGCUGAAAGGAUAUUCGACAUAUUAAUUUCGUGCGCUAUGAUGCAAGCCGAGAAUGCUUAUCUCGUAAAAAAGCAGACAAAGAAAUAAAUGCAAACAAUAUUAUUGAAAUUAGCAAUAUUAGAAAACCAGCUCUAGUAGUCUAGCCUGAUUCAGUUAUUUCUAAAUUAUUUAUGUUAUGUUAUUUAAGCUUGUAGUAACUAUCUAGUGUACAAUUUCUAUGGACGUGGGUUCAAUUCCCACCAGCUCCACAA,"[[1, 250], [2, 249], [3, 248], [4, 247], [5, 246], [6, 245], [7, 244], [47, 193], [48, 192], [49, 191], [50, 190], [51, 67], [52, 66], [53, 65], [54, 64], [55, 63], [57, 77], [58, 76], [59, 75], [60, 74], [61, 73], [104, 120], [105, 119], [106, 118], [107, 117], [108, 116], [121, 138], [122, 137], [123, 136], [124, 135], [125, 134], [165, 173], [181, 201], [182, 200], [183, 199], [184, 198], [186, 196], [227, 243], [228, 242], [229, 241], [230, 240], [231, 239]]"
tRNA_tdbR00000399-Aedes_albopictus-7160-Ser-GCU,GAAAUAUGUUGAUCAAGAAAAGCUGCUAACUUUUUCUUUAAUGGUUUAAUUCCAUUAUAUUUCUCCA,"[[1, 63], [2, 62], [3, 61], [4, 60], [5, 59], [6, 58], [16, 37], [17, 36], [18, 35], [39, 57], [40, 56], [41, 55], [42, 54], [43, 53], [44, 52]]"
RNaseP_PS24,GAGGAAAGUCCGGGCUCCACAUAACCACGGUGCCGGGUAACGCCCGGCGGUCGCGCCUCGGGACUGCGCUAUUGCGUGCGAUAGGGGAAGCCAGACAAGCGCGGCAAGGGACAGUGCCACAGAGAGCAGACCGCCUAUGGCCGUCGUCCGUUUACGGAUACGUGGCCAGGCAAGGGUGAAAGGGUGCGGCAAGAGCGCACCGCGCGAUGGGUAACCGGAGCGGCAUGGCAAACCCCACCGGGAGCAAGACCGAAUAGGGACGGCGCGGACUCGCAAGGGUUCAGGGCGUGGUUGUCGCCCAGUCGUCCGGGUUGGUUGCUAGAGCCGGUCAGCAAUGGCCGGCGUAGAGGAAUGGUCGCCCAUCUGCUGAAAGGCAGUGGACAGAACCCGGCUUA,"[[6, 394], [7, 393], [8, 392], [10, 391], [11, 390], [12, 389], [13, 388], [14, 387], [15, 244], [16, 243], [17, 242], [18, 241], [23, 293], [24, 292], [25, 291], [26, 290], [28, 240], [29, 239], [30, 238], [31, 237], [32, 236], [33, 47], [34, 46], [35, 45], [36, 44], [37, 43], [67, 76], [68, 75], [69, 74], [109, 235], [110, 234], [114, 233], [115, 232], [116, 229], [117, 228], [118, 227], [131, 175], [132, 174], [138, 168], [139, 167], [140, 166], [141, 165], [142, 164], [183, 201], [184, 200], [185, 199], [186, 198], [187, 197], [188, 196], [202, 224], [203, 222], [204, 221], [205, 220], [208, 217], [209, 216], [210, 215], [248, 317], [249, 316], [250, 315], [251, 314], [252, 313], [258, 308], [259, 307], [260, 306], [261, 305], [262, 304], [264, 285], [267, 282], [268, 281], [269, 280], [270, 279], [271, 278], [272, 277], [324, 343], [325, 342], [326, 341], [327, 340], [328, 339], [329, 338], [330, 337], [331, 336], [364, 377], [365, 376], [366, 375], [367, 374], [368, 373]]"
tRNA_tdbR00000400-Loligo_bleekeri-6617-Ser-7CU,AAAGGUAAUUAGGAAUAAAAUAAAGCUGCUAACUUUAUUUUGAGCAACUCAAAACUGUUCUACCUUUUCCA,"[[1, 67], [2, 66], [3, 65], [4, 64], [5, 63], [6, 62], [7, 61], [19, 39], [20, 38], [21, 37], [22, 36], [23, 35], [24, 34], [25, 33], [40, 52], [41, 51], [42, 50], [43, 49], [44, 48]]"
RNaseP_P.canadensis,UUCCCUCCAAAGUCUGUAUUUUACCUGCCUACAAAAGGAGGAGUCCCCGGCGGACUUCCUCAGUAUUCGCAGGUGGGAAAUUCGGUGAAAUCGCUCUGCCCACCAGGGAAAAGGUAAAACUCUCCCUGGUCCUUGGAAGGACUUGUCCUUCUGAGUCUCGUGAGAGAUGCCAAGCGUGGAGACGCUAGGGUGGUCGCCAUAAGAAACUUCAACAGGUCACACUGUUAUGGGAGGCGCCACGGGCAGUUGGUCCCUUUGCAUCCAGAAGGAAGCUUUGGGGCUGUUGAGUGCAAUAUACAGAGCGCUAGAAGGAGUCCUUCCUUCUACGCGUAA,"[[1, 110], [2, 109], [3, 108], [4, 107], [13, 301], [14, 300], [15, 299], [16, 298], [17, 297], [18, 296], [22, 116], [23, 74], [24, 73], [25, 72], [26, 71], [27, 70], [28, 69], [43, 55], [44, 54], [45, 53], [46, 52], [103, 129], [104, 128], [105, 127], [106, 126], [132, 155], [133, 154], [134, 153], [135, 152], [136, 151], [137, 150], [138, 149], [139, 148], [140, 147], [141, 146], [156, 167], [157, 166], [158, 165], [159, 164], [173, 186], [174, 185], [175, 184], [176, 183], [177, 182], [178, 238], [179, 237], [252, 279], [253, 278], [254, 277], [266, 319], [267, 318], [268, 317], [269, 316], [270, 315], [304, 329], [305, 328], [306, 326], [307, 325], [308, 324], [310, 322]]"
tmRNA_Desu.desu._CP000112_1-360,GGGGGCGCACUGGUUUCGACGGGGAUAAAGAAGCCGGAGUGGCAGGUCGAGGCGCCGCUGGCCUCGUUAAAAGCGGCACAAAUGUAAUUGCCAACAACGAUUACGAAUACGCAAUGGCAGCCUAAUUAGGCUUGCCGCACUGAUUGGCUGACGUCAGAUACGCCGACCAGUGACAAACUUAUCCGACUGGCACCCAAAGCCGUCUGUCGCAGCGGGUGUAAGAUUUUUUAAGACAGACUUGCCGCCGGUAGCCCGAUCAGGGGCAUCACCGGAUGGCGAGCUUGAAUACCUGAUCUAAACCUGUAGAAGCUUCGAGUGGACUGUUCUCGGACGCGGGUUCGAUUCCCGCCGCCUCCACCA,"[[1, 356], [2, 355], [3, 354], [4, 353], [5, 352], [6, 351], [7, 350], [20, 329], [21, 328], [22, 327], [23, 326], [24, 325], [25, 324], [26, 323], [27, 322], [34, 316], [35, 314], [36, 313], [37, 312], [38, 311], [39, 310], [43, 303], [44, 302], [45, 301], [46, 300], [47, 299], [48, 66], [49, 65], [50, 64], [51, 63], [52, 62], [53, 61], [54, 77], [55, 76], [56, 75], [57, 74], [58, 73], [59, 72], [87, 101], [88, 100], [89, 119], [90, 118], [91, 117], [92, 116], [93, 115], [120, 131], [121, 130], [122, 129], [123, 128], [126, 143], [132, 279], [133, 278], [134, 277], [135, 276], [136, 275], [138, 172], [139, 171], [140, 170], [141, 169], [142, 168], [144, 166], [145, 165], [190, 219], [191, 218], [192, 217], [193, 216], [194, 215], [195, 214], [206, 234], [207, 233], [208, 232], [251, 264], [252, 263], [253, 262], [255, 295], [256, 294], [257, 293], [258, 292], [259, 291], [260, 290], [261, 289], [333, 349], [334, 348], [335, 347], [336, 346], [337, 345]]"
tmRNA_Acid.ferr._TRW-920_1-341,GGGGGUGAACUGGCUUCGACUUUGAAGCGAGCCUCUCAGUAGCGAGCUGAGGGUCCUAGGGCCUCAUUAAAAACGUAGGAAAAAAAAGAUAACUGCCAAACCUAAAUUGGCCGUAGCAGCUUAAUUGUUGCUCGUCGACUAUCGGGGUUCCCACCUCGGAUAGUAUCGGCGUCGAAAUGUGGGAUGCUAAGUUAGUUUACCGGCUAGCUUUCAAGAUUUAAGGUAAAAACUAUUGAGAAUUUGUUUCUGGUGACUCUCUCAAUAGUAUUUCACCAGAUGCGCUCGGAGAAGCUGUUAGGUAGCUUAAAAGGACCGGGGUUCGACUCCCCGCACCUCCACCA,"[[1, 337], [2, 336], [3, 335], [4, 334], [5, 333], [6, 332], [7, 331], [13, 28], [14, 27], [33, 53], [34, 52], [35, 51], [36, 50], [37, 49], [38, 48], [39, 47], [43, 285], [44, 284], [45, 283], [46, 282], [115, 132], [116, 131], [117, 130], [118, 129], [119, 128], [120, 127], [143, 158], [144, 157], [145, 156], [146, 155], [147, 154], [148, 153], [191, 208], [192, 207], [193, 206], [227, 268], [229, 266], [230, 265], [231, 264], [232, 263], [233, 262], [234, 261], [235, 260], [236, 259], [237, 258], [238, 257], [246, 277], [247, 276], [248, 275], [249, 274], [250, 273], [251, 272], [252, 271], [289, 305], [290, 304], [291, 303], [292, 302], [293, 301], [294, 300], [314, 330], [315, 329], [316, 328], [317, 327], [318, 326]]"
RNaseP_EM14b-9,GAGGAAAGUCCGGGCUCAGAGGGUGCGCGUAUCCCGUUAAGGCUGAUGAAGCCGGAGCGGGGGCGUGAGAGCGCCGGAAAGUGCCACAGAAAACAUACCGCCUUAUGUGUCUUCACACAUAAGGUAAGGGUGAAAAGGUGCGGUAAGAGCGCACCCAGGAAAGGAGAAGGUUUAAGGGAAAAAACGCCCUUGCCGAAUCCUUUCCUGCGGUAAACCCAUACGCGAGCAAGGCCAAGCAGAGGGGAAUUGCGGGAGUUUUCCAAAUCUGACUCCCGCAUGCGGGUUGCACCCUUCCCGCUAACACCCUCGGGUAGGCCGCUUAGAGUAAUGACCCCUUAACACAGAACCCGGCUUA,"[[6, 354], [7, 353], [8, 352], [10, 351], [11, 350], [12, 349], [13, 348], [14, 347], [16, 225], [21, 291], [22, 290], [23, 289], [24, 288], [25, 287], [26, 224], [27, 223], [28, 222], [29, 221], [30, 220], [31, 219], [35, 59], [36, 58], [38, 56], [41, 53], [42, 52], [43, 51], [44, 50], [65, 72], [83, 211], [84, 210], [85, 209], [98, 129], [99, 128], [100, 125], [101, 124], [102, 123], [103, 122], [104, 121], [105, 120], [106, 119], [107, 118], [108, 117], [109, 116], [110, 115], [137, 155], [138, 154], [139, 153], [140, 152], [141, 151], [142, 150], [156, 207], [157, 206], [173, 192], [174, 191], [175, 190], [176, 189], [177, 188], [178, 187], [230, 317], [231, 316], [232, 315], [233, 314], [239, 308], [240, 307], [241, 306], [242, 305], [243, 304], [245, 257], [248, 277], [249, 276], [250, 275], [251, 274], [252, 273], [253, 272], [254, 271], [255, 270], [256, 269], [279, 298], [280, 297], [281, 296], [282, 295], [283, 294]]"
5s_Bacteroides-capillosus-1,CCAGGUGGCUAUGGCGGCGGUGUUCCACCUCUUCCCAUUCCGAACAGAGAAGUUAAGCCUGUUUGCGCCGACAAUACUUAGAUUUACUUCUAGGGAAUAUAGGUCUUCGCCAAUG,"[[19, 29], [20, 28], [77, 94], [78, 93], [79, 92], [80, 91], [81, 90], [82, 89]]"
grp1_a.I1.e.L.dispersa.UNK.SSU.287,CUACCAUGGUGGCAACGGGUGAGCACGUUGCCCUGUAGGACGCAAGACCGUCGGGCGCGUCGCGGCGGCACCGGCGACACGCUGGCUCAGAUGAGGUCUCCGGGGCCGACUCUCGGUACGCCACGGGAGCCGCCCGAACGCAUGCAAAGCGGUGGGCCUUCCCAGGGGGCUUUUGGCACAUGCUACCGCCGACUGCGGUGCCGGCAAAGUGAACGGGGAAUUAGGGUUC,"[[11, 32], [12, 31], [13, 30], [14, 29], [15, 28], [16, 27], [17, 26], [19, 24], [39, 48], [41, 46], [86, 200], [101, 165], [185, 199], [186, 198], [187, 197], [188, 196], [189, 195]]"
tmRNA_Camp.fetu._AY211269_1-361,GGGGGUGACUUGGCUUCGACAGGAGUAGUGGAGUCACGGCGGCAUGCAGCUUUGGGCAAAGCUUAAAAAGCCCAAAAUAAAAUUAAACGCAAACAACGUUAAAUUCGCUCCUGCUUACGCUAAAGCUGCGUAAGUCCAGUUGAGCCCUGCGAAACUUCAAUGCUAUCUAGAAGCUUUAGCGGGUAAUUUUUGAUAGCUUAGAUUAAAGAAUUGACGAAUCUAUAAUUGAAAUUUAGUCUUAGCUUAGCUAAACGCUUUGGGAAGUGAGCGAAGCUAAGUGAAACUCUCACUUCUGCUAAGCAUGUAGAGGCUAUGAAUCUAUUAUUUUUGGACUGCAGUUCGAUCCUGCACACCUCCACCA,"[[1, 357], [2, 356], [3, 355], [4, 354], [5, 353], [6, 352], [7, 351], [10, 32], [20, 330], [21, 329], [22, 111], [24, 326], [25, 325], [31, 319], [49, 126], [50, 125], [52, 75], [53, 74], [54, 73], [55, 72], [56, 71], [57, 70], [105, 271], [106, 270], [107, 269], [108, 268], [109, 267], [110, 266], [118, 130], [119, 129], [120, 128], [121, 178], [122, 177], [123, 176], [124, 175], [150, 179], [167, 192], [174, 196], [206, 233], [207, 232], [239, 251], [240, 250], [241, 249], [242, 248], [243, 247], [256, 272], [274, 278], [280, 288], [281, 287], [291, 309], [292, 308], [293, 307], [294, 306], [295, 305], [334, 350], [335, 349], [336, 348], [337, 347], [338, 346]]"
tmRNA_Laws.intr._AM180252_1-376,GGGGACGCACUGGUUUCGACGGGGAUGUGGAAACCAAAGUGGCAGGUCGAGGCGCCGCUGGCCUCGUAAAAAGCGGCAACAAUGUAAUUGCAAACAACAAUUACGACUACGCUCUUGCUGCAUAAGUAAUAGCGUACCUGGCUAUUUAAAUAGCCACGUCAAUCCUGCUGAUGUCUGAUAAGCUGGUGCGGCGACAAUCAUCAGGCUAGCAGCCUAUUGUGUUUACUGGAUAGUCUGCGAAAUUAUUACAGUAAACUUGUUUUGAUCUGCCUGGCUAAGGGCUAGAAUCAAAAUAAGAUGUAAACUUAGCCUAAACCUGUAGAUACUUUGUGUGGAACUUUCUCGGACGCGGGUUCGAUUCCCGCCGUCUCCACCA,"[[1, 372], [2, 371], [3, 370], [4, 369], [5, 368], [6, 367], [7, 366], [20, 345], [21, 344], [22, 343], [23, 342], [24, 341], [25, 340], [26, 339], [27, 338], [28, 337], [33, 333], [34, 332], [35, 330], [36, 329], [37, 328], [38, 327], [39, 326], [40, 325], [42, 320], [43, 319], [44, 318], [45, 317], [46, 316], [47, 315], [48, 66], [49, 65], [50, 64], [51, 63], [52, 62], [54, 77], [55, 76], [56, 75], [57, 74], [58, 73], [59, 72], [85, 103], [86, 102], [87, 101], [88, 100], [89, 99], [90, 98], [108, 136], [109, 135], [110, 134], [111, 133], [112, 132], [113, 131], [115, 129], [116, 128], [117, 127], [118, 126], [119, 125], [137, 158], [139, 156], [140, 155], [141, 154], [142, 153], [143, 152], [144, 151], [145, 150], [157, 219], [167, 210], [168, 209], [169, 208], [204, 214], [205, 213], [206, 212], [211, 236], [221, 256], [222, 255], [223, 254], [224, 253], [225, 252], [226, 251], [227, 250], [228, 249], [229, 247], [230, 246], [231, 245], [232, 244], [234, 242], [261, 292], [262, 291], [263, 290], [264, 289], [265, 288], [266, 287], [269, 282], [270, 281], [271, 280], [275, 309], [276, 308], [277, 307], [278, 306], [297, 305], [349, 365], [350, 364], [351, 363], [352, 362], [353, 361]]"
